,Unnamed: 0,keyword,location,polarity,date,quater
1560477,1560477,КАМАЗ,Belarus,0.0,2017-11-16,4
1560481,1560481,КАМАЗ,Belarus,0.0,2017-11-04,4
1560495,1560495,КАМАЗ,Belarus,0.0,2017-12-05,4
1560496,1560496,КАМАЗ,Belarus,0.0,2017-11-16,4
1560497,1560497,КАМАЗ,Belarus,0.0,2017-11-16,4
1560498,1560498,КАМАЗ,Belarus,0.0,2017-10-31,4
1560499,1560499,КАМАЗ,Belarus,0.0,2017-10-05,4
1560500,1560500,КАМАЗ,Belarus,0.0,2017-10-30,4
1560501,1560501,КАМАЗ,Belarus,0.0,2017-10-30,4
1560567,1560567,КАМАЗ,Belarus,0.0,2016-11-14,4
1560568,1560568,КАМАЗ,Belarus,0.0,2016-11-18,4
1560569,1560569,КАМАЗ,Belarus,0.0,2016-10-18,4
1560570,1560570,КАМАЗ,Belarus,0.0,2016-10-18,4
1560571,1560571,КАМАЗ,Belarus,0.0,2016-10-13,4
1560596,1560596,КАМАЗ,Belarus,0.0,2016-12-13,4
1560597,1560597,КАМАЗ,Belarus,0.0,2016-11-24,4
1560598,1560598,КАМАЗ,Belarus,0.0,2016-11-24,4
1560611,1560611,КАМАЗ,Belarus,0.0,2016-11-14,4
1560617,1560617,КАМАЗ,Belarus,0.0,2016-10-24,4
1560619,1560619,КАМАЗ,Belarus,0.0,2016-10-01,4
1560624,1560624,КАМАЗ,Belarus,0.0,2016-10-19,4
1560645,1560645,КАМАЗ,Belarus,0.0,2017-11-15,4
1560646,1560646,КАМАЗ,Belarus,0.0,2017-11-13,4
1560647,1560647,КАМАЗ,Belarus,0.0,2017-11-07,4
1560662,1560662,КАМАЗ,Belarus,0.0,2017-12-21,4
1560663,1560663,КАМАЗ,Belarus,0.0,2017-11-16,4
1560664,1560664,КАМАЗ,Belarus,0.0,2017-11-16,4
1560665,1560665,КАМАЗ,Belarus,0.0,2017-10-30,4
1560666,1560666,КАМАЗ,Belarus,0.0,2017-10-30,4
1560667,1560667,КАМАЗ,Belarus,0.0,2017-11-07,4
1560668,1560668,КАМАЗ,Belarus,0.0,2017-10-12,4
1560670,1560670,КАМАЗ,Belarus,0.0,2017-11-02,4
1560671,1560671,КАМАЗ,Belarus,0.0,2017-10-30,4
1560672,1560672,КАМАЗ,Belarus,0.0,2017-10-24,4
1560749,1560749,КАМАЗ,Belarus,0.0,2016-12-22,4
1560750,1560750,КАМАЗ,Belarus,0.0,2016-10-21,4
1560776,1560776,КАМАЗ,Belarus,0.0,2016-12-29,4
1560778,1560778,КАМАЗ,Belarus,0.0,2016-12-29,4
1560786,1560786,КАМАЗ,Belarus,0.0,2016-12-13,4
1560793,1560793,КАМАЗ,Belarus,0.0,2016-11-24,4
1560796,1560796,КАМАЗ,Belarus,0.0,2016-10-24,4
1578739,1578739,КАМАЗ,Belarus,0.0,2017-10-08,4
1580445,1580445,КАМАЗ,Belarus,0.0,2017-12-05,4
1580446,1580446,КАМАЗ,Belarus,0.0,2017-11-17,4
1580454,1580454,КАМАЗ,Belarus,0.0,2017-10-17,4
1580455,1580455,КАМАЗ,Belarus,0.0,2017-10-13,4
1580456,1580456,КАМАЗ,Belarus,0.0,2017-10-09,4
1580457,1580457,КАМАЗ,Belarus,0.0,2017-10-30,4
1580519,1580519,КАМАЗ,Belarus,0.0,2016-12-04,4
1580521,1580521,КАМАЗ,Belarus,0.0,2016-10-24,4
1580546,1580546,КАМАЗ,Belarus,0.0,2016-12-30,4
1580552,1580552,КАМАЗ,Belarus,0.5714285714285714,2017-10-30,4
1580569,1580569,КАМАЗ,Belarus,0.0,2017-11-16,4
1580570,1580570,КАМАЗ,Belarus,0.0,2017-11-16,4
1580591,1580591,КАМАЗ,Belarus,0.0,2017-10-30,4
1580592,1580592,КАМАЗ,Belarus,0.0,2017-11-03,4
1580593,1580593,КАМАЗ,Belarus,0.0,2017-11-02,4
1580594,1580594,КАМАЗ,Belarus,0.0,2017-10-27,4
1580595,1580595,КАМАЗ,Belarus,0.0,2017-10-08,4
1580598,1580598,КАМАЗ,Belarus,0.0,2017-11-02,4
1580599,1580599,КАМАЗ,Belarus,0.0,2017-10-30,4
1580666,1580666,КАМАЗ,Belarus,0.0,2016-11-17,4
1580667,1580667,КАМАЗ,Belarus,0.0,2016-11-18,4
1580668,1580668,КАМАЗ,Belarus,0.0,2016-10-19,4
1580685,1580685,КАМАЗ,Belarus,0.0,2016-12-26,4
1580687,1580687,КАМАЗ,Belarus,0.0,2016-11-22,4
1580708,1580708,КАМАЗ,Belarus,0.0,2016-11-17,4
1580711,1580711,КАМАЗ,Belarus,0.0,2016-11-20,4
1580713,1580713,КАМАЗ,Belarus,0.0,2016-10-28,4
1580716,1580716,КАМАЗ,Belarus,0.0,2016-10-28,4
1581978,1581978,КАМАЗ,Belarus,0.0,2016-11-23,4
1596750,1596750,КАМАЗ,Belarus,0.0,2017-12-14,4
1596751,1596751,КАМАЗ,Belarus,0.0,2017-11-24,4
1596752,1596752,КАМАЗ,Belarus,0.0,2017-11-16,4
1596766,1596766,КАМАЗ,Belarus,0.0,2017-10-30,4
1596767,1596767,КАМАЗ,Belarus,0.0,2017-10-08,4
1596768,1596768,КАМАЗ,Belarus,0.0,2017-10-07,4
1596769,1596769,КАМАЗ,Belarus,0.0,2017-10-26,4
1596770,1596770,КАМАЗ,Belarus,0.0,2017-10-20,4
1596812,1596812,КАМАЗ,Belarus,0.0,2016-11-24,4
1596813,1596813,КАМАЗ,Belarus,0.0,2016-10-21,4
1596815,1596815,КАМАЗ,Belarus,0.0,2016-10-19,4
1596856,1596856,КАМАЗ,Belarus,0.0,2017-12-09,4
1596873,1596873,КАМАЗ,Belarus,0.0,2017-12-30,4
1596874,1596874,КАМАЗ,Belarus,0.0,2017-12-24,4
1596881,1596881,КАМАЗ,Belarus,0.0,2017-10-07,4
1596927,1596927,КАМАЗ,Belarus,0.0,2016-12-15,4
1596928,1596928,КАМАЗ,Belarus,0.0,2016-11-24,4
1596929,1596929,КАМАЗ,Belarus,0.0,2016-10-19,4
1596934,1596934,КАМАЗ,Belarus,0.0,2016-12-04,4
1596940,1596940,КАМАЗ,Belarus,0.0,2016-11-24,4
1596955,1596955,КАМАЗ,Belarus,0.0,2016-12-26,4
1596956,1596956,КАМАЗ,Belarus,0.0,2016-12-05,4
1596963,1596963,КАМАЗ,Belarus,0.0,2016-11-19,4
1596965,1596965,КАМАЗ,Belarus,0.0,2016-11-14,4
1596969,1596969,КАМАЗ,Belarus,0.0,2016-10-19,4
1596972,1596972,КАМАЗ,Belarus,0.0,2016-10-04,4
1596973,1596973,КАМАЗ,Belarus,0.0,2016-10-01,4
1603000,1603000,КАМАЗ,Belarus,0.0,2016-11-17,4
1617076,1617076,КАМАЗ,Belarus,0.0,2017-11-07,4
1617077,1617077,КАМАЗ,Belarus,0.0,2017-11-04,4
1617091,1617091,КАМАЗ,Belarus,0.0,2017-12-09,4
1617092,1617092,КАМАЗ,Belarus,0.0,2017-10-13,4
1617093,1617093,КАМАЗ,Belarus,0.0,2017-10-31,4
1617100,1617100,КАМАЗ,Belarus,0.0,2017-10-06,4
1617139,1617139,КАМАЗ,Belarus,0.0,2016-11-17,4
1617140,1617140,КАМАЗ,Belarus,0.0,2016-10-29,4
1617141,1617141,КАМАЗ,Belarus,0.0,2016-11-21,4
1617142,1617142,КАМАЗ,Belarus,0.0,2016-10-20,4
1617143,1617143,КАМАЗ,Belarus,0.0,2016-10-13,4
1617157,1617157,КАМАЗ,Belarus,0.0,2016-11-17,4
1617161,1617161,КАМАЗ,Belarus,0.0,2016-10-26,4
1617163,1617163,КАМАЗ,Belarus,0.0,2016-10-04,4
1617164,1617164,КАМАЗ,Belarus,0.0,2016-10-01,4
1617180,1617180,КАМАЗ,Belarus,0.0,2017-11-27,4
1617182,1617182,КАМАЗ,Belarus,0.0,2017-11-02,4
1617191,1617191,КАМАЗ,Belarus,0.0,2017-11-16,4
1617252,1617252,КАМАЗ,Belarus,0.0,2016-11-14,4
1617278,1617278,КАМАЗ,Belarus,0.0,2016-12-13,4
1617281,1617281,КАМАЗ,Belarus,0.0,2016-11-17,4
1617282,1617282,КАМАЗ,Belarus,0.0,2016-11-14,4
1630765,1630765,КАМАЗ,Belarus,0.0,2017-11-16,4
1630783,1630783,КАМАЗ,Belarus,0.0,2017-10-30,4
1630784,1630784,КАМАЗ,Belarus,0.0,2017-10-09,4
1630822,1630822,КАМАЗ,Belarus,0.0,2016-10-24,4
1630838,1630838,КАМАЗ,Belarus,0.0,2016-12-20,4
1630867,1630867,КАМАЗ,Belarus,0.0,2017-12-22,4
1630875,1630875,КАМАЗ,Belarus,0.0,2017-10-26,4
1630974,1630974,КАМАЗ,Belarus,0.0,2016-10-26,4
1719358,1719358,ГАЗ,Belarus,0.42857142859999997,2018-12-08,4
1719620,1719620,ГАЗ,Belarus,0.0,2018-12-12,4
1719623,1719623,ГАЗ,Belarus,0.5,2018-12-07,4
1719629,1719629,ГАЗ,Belarus,0.5294117647000001,2018-12-07,4
1719824,1719824,Газпром,Belarus,0.32203389829999995,2018-10-10,4
1721410,1721410,ГАЗ,Belarus,0.125,2018-12-10,4
1721441,1721441,ГАЗ,Belarus,0.0,2018-10-27,4
1722434,1722434,КАМАЗ,Belarus,0.3846153846,2018-10-08,4
1722436,1722436,Газпром,Belarus,0.3513513514,2018-10-08,4
1723130,1723130,ГАЗ,Belarus,0.4166666667,2018-10-30,4
1723131,1723131,ГАЗ,Belarus,0.0,2018-10-30,4
1724150,1724150,Газпром,Belarus,0.0909090909,2018-10-10,4
1724647,1724647,КАМАЗ,Belarus,0.5151515152,2018-10-14,4
1724807,1724807,ГАЗ,Belarus,0.4,2018-12-01,4
1724815,1724815,ГАЗ,Belarus,1.0,2018-11-30,4
1725656,1725656,Газпром,Belarus,0.0,2018-11-30,4
1725657,1725657,ГАЗ,Belarus,0.0,2018-11-30,4
1725664,1725664,ГАЗ,Belarus,0.12,2018-11-30,4
1725789,1725789,ГАЗ,Belarus,0.5555555556,2018-10-26,4
1725800,1725800,КАМАЗ,Belarus,-0.034482758599999996,2018-10-24,4
1725802,1725802,ГАЗ,Belarus,-0.034482758599999996,2018-10-24,4
1731996,1731996,ГАЗ,Belarus,0.5555555556,2018-12-11,4
1733737,1733737,ГАЗ,Belarus,0.7894736842000001,2018-12-07,4
1733739,1733739,ГАЗ,Belarus,0.2727272727,2018-12-06,4
1733746,1733746,ГАЗ,Belarus,0.21428571429999999,2018-12-05,4
1734003,1734003,ГАЗ,Belarus,0.4098360656,2018-12-05,4
1734017,1734017,ГАЗ,Belarus,0.0,2018-12-05,4
1734038,1734038,ГАЗ,Belarus,0.3387096774,2018-12-04,4
1734039,1734039,Газпром,Belarus,0.3246753247,2018-12-04,4
1734041,1734041,ГАЗ,Belarus,0.2098765432,2018-12-04,4
1734093,1734093,ГАЗ,Belarus,0.2432432432,2018-12-10,4
1734326,1734326,КАМАЗ,Belarus,0.33333333330000003,2018-10-04,4
1734329,1734329,Газпром,Belarus,0.0416666667,2018-10-04,4
1734465,1734465,ГАЗ,Belarus,0.33333333330000003,2018-11-19,4
1734845,1734845,ГАЗ,Belarus,0.0,2018-12-09,4
1734851,1734851,ГАЗ,Belarus,0.2,2018-12-09,4
1735106,1735106,КАМАЗ,Belarus,-1.0,2018-12-12,4
1735357,1735357,ГАЗ,Belarus,0.76,2018-11-24,4
1735383,1735383,ГАЗ,Belarus,0.2,2018-11-05,4
1735899,1735899,ГАЗ,Belarus,0.2842105263,2018-11-12,4
1737220,1737220,ГАЗ,Belarus,0.375,2018-10-26,4
1737224,1737224,ГАЗ,Belarus,0.4339622642,2018-10-25,4
1737863,1737863,ГАЗ,Belarus,0.0,2018-12-09,4
1737869,1737869,ГАЗ,Belarus,0.1875,2018-12-09,4
1737871,1737871,ГАЗ,Belarus,-0.1489361702,2018-12-09,4
1738900,1738900,КАМАЗ,Belarus,-0.33333333330000003,2018-12-07,4
1739598,1739598,ГАЗ,Belarus,0.0303030303,2018-11-03,4
1739601,1739601,ГАЗ,Belarus,0.2,2018-11-01,4
1739615,1739615,ГАЗ,Belarus,0.2,2018-10-23,4
1740807,1740807,ГАЗ,Belarus,1.0,2018-10-18,4
1740810,1740810,ГАЗ,Belarus,-0.3636363636,2018-10-17,4
1741365,1741365,Газпром,Belarus,-0.0769230769,2018-10-07,4
1741848,1741848,ГАЗ,Belarus,0.10526315789999999,2018-12-11,4
1742405,1742405,Газпром,Belarus,0.5522388060000001,2018-10-12,4
1742406,1742406,Газпром,Belarus,0.3793103448,2018-10-12,4
1742408,1742408,Газпром,Belarus,0.6363636364,2018-10-12,4
1742410,1742410,Газпром,Belarus,0.4375,2018-10-12,4
1742413,1742413,Газпром,Belarus,0.2727272727,2018-10-11,4
1742414,1742414,Газпром,Belarus,1.0,2018-10-11,4
1742416,1742416,Газпром,Belarus,-0.2,2018-10-11,4
1742419,1742419,Газпром,Belarus,0.42857142859999997,2018-10-11,4
1742420,1742420,Газпром,Belarus,0.18421052629999998,2018-10-11,4
1742421,1742421,Газпром,Belarus,-0.0909090909,2018-10-11,4
1742425,1742425,Газпром,Belarus,0.7142857143000001,2018-10-10,4
1742427,1742427,Газпром,Belarus,0.0,2018-10-10,4
1742428,1742428,Газпром,Belarus,0.2,2018-10-10,4
1742429,1742429,Газпром,Belarus,-0.2,2018-10-09,4
1742430,1742430,Газпром,Belarus,0.0,2018-10-08,4
1742431,1742431,Газпром,Belarus,0.0,2018-10-06,4
1742432,1742432,Газпром,Belarus,0.29577464789999997,2018-10-06,4
1742434,1742434,Газпром,Belarus,0.0,2018-10-05,4
1742435,1742435,Газпром,Belarus,0.6190476189999999,2018-10-05,4
1742436,1742436,Газпром,Belarus,0.6666666667000001,2018-10-05,4
1742437,1742437,Газпром,Belarus,0.6000000000000001,2018-10-05,4
1742439,1742439,Газпром,Belarus,0.6363636364,2018-10-05,4
1742442,1742442,Газпром,Belarus,-0.14285714289999998,2018-10-04,4
1742443,1742443,Газпром,Belarus,0.0,2018-10-04,4
1742444,1742444,Газпром,Belarus,0.0,2018-10-03,4
1742445,1742445,Газпром,Belarus,0.30000000000000004,2018-10-03,4
1742446,1742446,Газпром,Belarus,0.0,2018-10-02,4
1742447,1742447,Газпром,Belarus,-0.6000000000000001,2018-10-02,4
1742448,1742448,Газпром,Belarus,0.11111111109999999,2018-10-02,4
1742449,1742449,Газпром,Belarus,0.0731707317,2018-10-02,4
1742451,1742451,Газпром,Belarus,0.42857142859999997,2018-10-01,4
1742452,1742452,Газпром,Belarus,0.4,2018-10-01,4
1742868,1742868,ГАЗ,Belarus,0.4352941176,2018-12-13,4
1742871,1742871,Газпром,Belarus,-0.11111111109999999,2018-12-12,4
1742873,1742873,ГАЗ,Belarus,-0.0980392157,2018-12-12,4
1742874,1742874,Газпром,Belarus,-0.0980392157,2018-12-12,4
1742876,1742876,ГАЗ,Belarus,0.2054794521,2018-12-12,4
1742877,1742877,ГАЗ,Belarus,-0.12,2018-12-12,4
1742878,1742878,Газпром,Belarus,-0.7142857143000001,2018-12-12,4
1742879,1742879,ГАЗ,Belarus,0.3181818182,2018-12-11,4
1745327,1745327,ГАЗ,Belarus,0.0,2018-11-12,4
1745346,1745346,ГАЗ,Belarus,0.36842105259999997,2018-11-11,4
1745370,1745370,ГАЗ,Belarus,0.2631578947,2018-11-10,4
1745380,1745380,ГАЗ,Belarus,0.4133333333,2018-11-09,4
1745383,1745383,ГАЗ,Belarus,-0.25,2018-11-09,4
1746198,1746198,КАМАЗ,Belarus,-0.33333333330000003,2018-12-11,4
1746206,1746206,КАМАЗ,Belarus,-1.0,2018-12-11,4
1746710,1746710,КАМАЗ,Belarus,-0.5,2018-11-19,4
1746791,1746791,ГАЗ,Belarus,0.3125,2018-12-07,4
1748295,1748295,ГАЗ,Belarus,0.15789473680000002,2018-10-27,4
1750411,1750411,Газпром,Belarus,0.42105263159999995,2018-10-23,4
1750416,1750416,Газпром,Belarus,0.4159292035,2018-10-23,4
1750445,1750445,ГАЗ,Belarus,0.2368421053,2018-10-22,4
1750448,1750448,ГАЗ,Belarus,0.2941176471,2018-10-22,4
1750452,1750452,ГАЗ,Belarus,0.27659574470000003,2018-10-21,4
1751133,1751133,Газпром,Belarus,0.0256410256,2018-11-21,4
1751134,1751134,ГАЗ,Belarus,0.0256410256,2018-11-21,4
1751135,1751135,Газпром,Belarus,0.0,2018-11-21,4
1751136,1751136,Газпром,Belarus,0.2,2018-11-21,4
1751137,1751137,Газпром,Belarus,0.6666666667000001,2018-11-21,4
1751138,1751138,ГАЗ,Belarus,0.6666666667000001,2018-11-21,4
1751140,1751140,Газпром,Belarus,0.0769230769,2018-11-21,4
1751141,1751141,Газпром,Belarus,-0.6363636364,2018-11-21,4
1751142,1751142,ГАЗ,Belarus,-0.6363636364,2018-11-21,4
1751144,1751144,Газпром,Belarus,-0.14285714289999998,2018-11-21,4
1751145,1751145,Газпром,Belarus,0.2121212121,2018-11-20,4
1751146,1751146,ГАЗ,Belarus,0.2121212121,2018-11-20,4
1751148,1751148,Газпром,Belarus,0.1785714286,2018-11-20,4
1751149,1751149,Газпром,Belarus,0.15789473680000002,2018-11-20,4
1751150,1751150,Газпром,Belarus,-0.5,2018-11-20,4
1751152,1751152,Газпром,Belarus,-1.0,2018-11-20,4
1751154,1751154,Газпром,Belarus,0.0,2018-11-19,4
1751155,1751155,Газпром,Belarus,-0.0909090909,2018-11-19,4
1751157,1751157,Газпром,Belarus,0.3666666667,2018-11-19,4
1751159,1751159,ГАЗ,Belarus,0.3666666667,2018-11-19,4
1751161,1751161,Газпром,Belarus,0.4705882353,2018-11-19,4
1751162,1751162,Газпром,Belarus,0.0,2018-11-19,4
1751163,1751163,ГАЗ,Belarus,0.0,2018-11-19,4
1751164,1751164,Газпром,Belarus,-0.2631578947,2018-11-18,4
1751165,1751165,Газпром,Belarus,-0.33333333330000003,2018-11-18,4
1751166,1751166,Газпром,Belarus,0.0,2018-11-17,4
1751167,1751167,Газпром,Belarus,0.0,2018-11-17,4
1751168,1751168,Газпром,Belarus,0.33333333330000003,2018-11-17,4
1751169,1751169,Газпром,Belarus,1.0,2018-11-17,4
1751171,1751171,Газпром,Belarus,1.0,2018-11-17,4
1751173,1751173,Газпром,Belarus,-0.33333333330000003,2018-11-17,4
1751174,1751174,Газпром,Belarus,1.0,2018-11-17,4
1751175,1751175,Газпром,Belarus,-0.5,2018-11-17,4
1751176,1751176,Газпром,Belarus,0.4,2018-11-17,4
1751177,1751177,Газпром,Belarus,0.2631578947,2018-11-16,4
1751178,1751178,ГАЗ,Belarus,0.2631578947,2018-11-16,4
1751179,1751179,Газпром,Belarus,0.2631578947,2018-11-16,4
1751180,1751180,ГАЗ,Belarus,0.2631578947,2018-11-16,4
1751181,1751181,Газпром,Belarus,0.4117647059,2018-11-16,4
1751183,1751183,Газпром,Belarus,0.7142857143000001,2018-11-16,4
1751184,1751184,Газпром,Belarus,0.0,2018-11-16,4
1751185,1751185,ГАЗ,Belarus,0.0,2018-11-16,4
1751186,1751186,Газпром,Belarus,0.0,2018-11-15,4
1751187,1751187,Газпром,Belarus,0.6000000000000001,2018-11-15,4
1751191,1751191,Газпром,Belarus,0.0,2018-11-15,4
1751193,1751193,Газпром,Belarus,-0.0666666667,2018-11-15,4
1751194,1751194,Газпром,Belarus,0.33333333330000003,2018-11-15,4
1751197,1751197,Газпром,Belarus,0.6000000000000001,2018-11-15,4
1751198,1751198,Газпром,Belarus,0.1774193548,2018-11-15,4
1751199,1751199,ГАЗ,Belarus,0.1774193548,2018-11-15,4
1751201,1751201,Газпром,Belarus,0.0,2018-11-15,4
1751202,1751202,ГАЗ,Belarus,0.0,2018-11-15,4
1751203,1751203,Газпром,Belarus,0.0,2018-11-15,4
1751204,1751204,Газпром,Belarus,0.1968503937,2018-11-15,4
1751205,1751205,ГАЗ,Belarus,0.1968503937,2018-11-15,4
1751207,1751207,Газпром,Belarus,-0.42857142859999997,2018-11-15,4
1751208,1751208,ГАЗ,Belarus,-0.42857142859999997,2018-11-15,4
1751209,1751209,Газпром,Belarus,-0.25,2018-11-15,4
1751210,1751210,Газпром,Belarus,0.14285714289999998,2018-11-15,4
1751211,1751211,Газпром,Belarus,0.0,2018-11-15,4
1751213,1751213,Газпром,Belarus,0.0,2018-11-14,4
1751214,1751214,Газпром,Belarus,0.0,2018-11-14,4
1751215,1751215,Газпром,Belarus,0.0,2018-11-14,4
1751216,1751216,Газпром,Belarus,-0.33333333330000003,2018-11-14,4
1751217,1751217,Газпром,Belarus,0.0,2018-11-14,4
1751218,1751218,Газпром,Belarus,-0.33333333330000003,2018-11-14,4
1751219,1751219,Газпром,Belarus,0.27058823530000004,2018-11-13,4
1751220,1751220,ГАЗ,Belarus,0.27058823530000004,2018-11-13,4
1751222,1751222,Газпром,Belarus,-0.6842105262999999,2018-11-12,4
1751224,1751224,Газпром,Belarus,0.0638297872,2018-11-12,4
1751225,1751225,Газпром,Belarus,-0.5,2018-11-12,4
1751226,1751226,Газпром,Belarus,0.5238095238,2018-11-12,4
1751227,1751227,Газпром,Belarus,-0.4,2018-11-12,4
1751228,1751228,ГАЗ,Belarus,-0.4,2018-11-12,4
1751229,1751229,Газпром,Belarus,0.6470588235,2018-11-12,4
1751230,1751230,Газпром,Belarus,0.4117647059,2018-11-12,4
1751231,1751231,Газпром,Belarus,0.21052631579999997,2018-11-12,4
1751232,1751232,Газпром,Belarus,0.2252252252,2018-11-12,4
1751233,1751233,Газпром,Belarus,0.33333333330000003,2018-11-11,4
1751234,1751234,Газпром,Belarus,0.0,2018-11-11,4
1751235,1751235,Газпром,Belarus,-0.625,2018-11-11,4
1751236,1751236,ГАЗ,Belarus,-0.625,2018-11-11,4
1751237,1751237,Газпром,Belarus,0.0,2018-11-11,4
1751238,1751238,Газпром,Belarus,0.6000000000000001,2018-11-10,4
1751239,1751239,Газпром,Belarus,-0.2,2018-11-10,4
1751240,1751240,Газпром,Belarus,-0.11111111109999999,2018-11-10,4
1751241,1751241,Газпром,Belarus,0.2,2018-11-10,4
1751242,1751242,Газпром,Belarus,0.1666666667,2018-11-09,4
1751496,1751496,ГАЗ,Belarus,1.0,2018-12-05,4
1751558,1751558,ГАЗ,Belarus,0.7142857143000001,2018-12-05,4
1752946,1752946,ГАЗ,Belarus,-0.014084507,2018-12-12,4
1752949,1752949,ГАЗ,Belarus,-0.15789473680000002,2018-12-12,4
1752951,1752951,ГАЗ,Belarus,0.2,2018-12-12,4
1752954,1752954,ГАЗ,Belarus,0.4339622642,2018-12-11,4
1752956,1752956,ГАЗ,Belarus,0.2380952381,2018-12-11,4
1752962,1752962,ГАЗ,Belarus,0.42857142859999997,2018-12-11,4
1754239,1754239,ГАЗ,Belarus,0.5555555556,2018-12-11,4
1755149,1755149,ГАЗ,Belarus,0.0,2018-12-20,4
1755150,1755150,ГАЗ,Belarus,0.0,2018-12-13,4
1755152,1755152,ГАЗ,Belarus,0.6774193548,2018-12-13,4
1755156,1755156,ГАЗ,Belarus,0.2857142857,2018-12-13,4
1755158,1755158,ГАЗ,Belarus,0.0,2018-12-12,4
1755159,1755159,ГАЗ,Belarus,0.33333333330000003,2018-12-12,4
1755163,1755163,ГАЗ,Belarus,-1.0,2018-12-12,4
1755164,1755164,ГАЗ,Belarus,-0.7142857143000001,2018-12-12,4
1755165,1755165,ГАЗ,Belarus,-1.0,2018-12-12,4
1755167,1755167,ГАЗ,Belarus,-0.33333333330000003,2018-12-12,4
1755169,1755169,ГАЗ,Belarus,0.4722222222,2018-12-12,4
1755171,1755171,ГАЗ,Belarus,-0.23076923079999997,2018-12-12,4
1755173,1755173,ГАЗ,Belarus,-0.6000000000000001,2018-12-12,4
1755174,1755174,ГАЗ,Belarus,0.5,2018-12-12,4
1755176,1755176,ГАЗ,Belarus,0.0,2018-12-12,4
1755177,1755177,Газпром,Belarus,0.0,2018-12-12,4
1755178,1755178,ГАЗ,Belarus,-0.0714285714,2018-12-12,4
1755179,1755179,ГАЗ,Belarus,0.0,2018-12-12,4
1755180,1755180,ГАЗ,Belarus,0.28888888890000003,2018-12-12,4
1755182,1755182,ГАЗ,Belarus,0.0,2018-12-12,4
1755183,1755183,ГАЗ,Belarus,1.0,2018-12-12,4
1755185,1755185,ГАЗ,Belarus,-1.0,2018-12-12,4
1755186,1755186,ГАЗ,Belarus,0.6666666667000001,2018-12-12,4
1755187,1755187,ГАЗ,Belarus,0.0,2018-12-12,4
1755189,1755189,ГАЗ,Belarus,0.0,2018-12-12,4
1755190,1755190,ГАЗ,Belarus,0.0,2018-12-12,4
1755192,1755192,ГАЗ,Belarus,0.11111111109999999,2018-12-12,4
1755193,1755193,ГАЗ,Belarus,0.5820895522,2018-12-11,4
1755195,1755195,ГАЗ,Belarus,0.0,2018-12-11,4
1755196,1755196,ГАЗ,Belarus,0.05882352940000001,2018-12-11,4
1755200,1755200,ГАЗ,Belarus,0.0,2018-12-11,4
1755201,1755201,ГАЗ,Belarus,0.0,2018-12-11,4
1755202,1755202,ГАЗ,Belarus,-0.05882352940000001,2018-12-11,4
1755203,1755203,ГАЗ,Belarus,-0.33333333330000003,2018-12-11,4
1755205,1755205,ГАЗ,Belarus,0.33333333330000003,2018-12-11,4
1755206,1755206,ГАЗ,Belarus,0.6000000000000001,2018-12-11,4
1755207,1755207,ГАЗ,Belarus,-0.2,2018-12-11,4
1755208,1755208,ГАЗ,Belarus,0.33333333330000003,2018-12-11,4
1755209,1755209,ГАЗ,Belarus,0.0,2018-12-11,4
1755210,1755210,ГАЗ,Belarus,0.0,2018-12-11,4
1755211,1755211,Газпром,Belarus,0.0,2018-12-11,4
1755212,1755212,ГАЗ,Belarus,0.0,2018-12-11,4
1755213,1755213,ГАЗ,Belarus,1.0,2018-12-11,4
1755215,1755215,ГАЗ,Belarus,0.4117647059,2018-12-11,4
1755217,1755217,ГАЗ,Belarus,-0.33333333330000003,2018-12-11,4
1755218,1755218,ГАЗ,Belarus,-0.19148936170000005,2018-12-11,4
1755219,1755219,ГАЗ,Belarus,0.4623655914,2018-12-11,4
1755220,1755220,ГАЗ,Belarus,-0.0714285714,2018-12-11,4
1755221,1755221,ГАЗ,Belarus,0.1162790698,2018-12-11,4
1755222,1755222,ГАЗ,Belarus,-0.25,2018-12-11,4
1755223,1755223,ГАЗ,Belarus,0.0909090909,2018-12-10,4
1755224,1755224,ГАЗ,Belarus,-0.0740740741,2018-12-10,4
1755225,1755225,ГАЗ,Belarus,0.22222222219999999,2018-12-10,4
1755227,1755227,ГАЗ,Belarus,0.33333333330000003,2018-12-10,4
1755228,1755228,ГАЗ,Belarus,0.6000000000000001,2018-12-10,4
1755229,1755229,ГАЗ,Belarus,0.2033898305,2018-12-10,4
1755230,1755230,КАМАЗ,Belarus,0.2033898305,2018-12-10,4
1755232,1755232,ГАЗ,Belarus,0.04,2018-12-10,4
1755233,1755233,ГАЗ,Belarus,-1.0,2018-12-10,4
1755235,1755235,ГАЗ,Belarus,0.0,2018-12-10,4
1755236,1755236,ГАЗ,Belarus,0.0,2018-12-10,4
1755237,1755237,ГАЗ,Belarus,-0.1,2018-12-10,4
1755239,1755239,ГАЗ,Belarus,0.6666666667000001,2018-12-10,4
1757701,1757701,Газпром,Belarus,0.0,2018-12-01,4
1758751,1758751,ГАЗ,Belarus,1.0,2018-12-06,4
1758820,1758820,ГАЗ,Belarus,0.11111111109999999,2018-12-06,4
1759388,1759388,ГАЗ,Belarus,-0.23076923079999997,2018-12-07,4
1759603,1759603,Газпром,Belarus,-0.42857142859999997,2018-11-26,4
1759618,1759618,ГАЗ,Belarus,-0.0967741935,2018-11-22,4
1759619,1759619,Газпром,Belarus,-0.0967741935,2018-11-22,4
1759622,1759622,ГАЗ,Belarus,0.2432432432,2018-11-22,4
1759627,1759627,ГАЗ,Belarus,0.3793103448,2018-11-21,4
1760349,1760349,ГАЗ,Belarus,0.0,2018-11-04,4
1762043,1762043,ГАЗ,Belarus,0.1568627451,2018-11-23,4
1762044,1762044,ГАЗ,Belarus,0.2,2018-11-23,4
1762045,1762045,ГАЗ,Belarus,-0.1071428571,2018-11-23,4
1762046,1762046,ГАЗ,Belarus,0.0,2018-11-23,4
1762047,1762047,ГАЗ,Belarus,0.0,2018-11-23,4
1762048,1762048,ГАЗ,Belarus,0.4246575342,2018-11-23,4
1762049,1762049,ГАЗ,Belarus,0.33333333330000003,2018-11-23,4
1762050,1762050,ГАЗ,Belarus,0.0,2018-11-23,4
1762051,1762051,ГАЗ,Belarus,0.2666666667,2018-11-23,4
1762052,1762052,ГАЗ,Belarus,0.0,2018-11-23,4
1762053,1762053,ГАЗ,Belarus,0.0,2018-11-23,4
1762054,1762054,ГАЗ,Belarus,0.0,2018-11-23,4
1762055,1762055,ГАЗ,Belarus,0.20430107530000002,2018-11-22,4
1762057,1762057,ГАЗ,Belarus,0.020979021,2018-11-22,4
1762058,1762058,ГАЗ,Belarus,0.0,2018-11-22,4
1762059,1762059,ГАЗ,Belarus,0.0,2018-11-22,4
1762060,1762060,ГАЗ,Belarus,0.0714285714,2018-11-22,4
1762062,1762062,ГАЗ,Belarus,0.33333333330000003,2018-11-22,4
1762063,1762063,ГАЗ,Belarus,0.0,2018-11-22,4
1762064,1762064,ГАЗ,Belarus,0.2,2018-11-22,4
1762065,1762065,ГАЗ,Belarus,0.2727272727,2018-11-22,4
1762066,1762066,ГАЗ,Belarus,0.0,2018-11-22,4
1762067,1762067,ГАЗ,Belarus,0.0,2018-11-22,4
1762068,1762068,Газпром,Belarus,0.0,2018-11-22,4
1762069,1762069,ГАЗ,Belarus,-0.11111111109999999,2018-11-22,4
1762070,1762070,Газпром,Belarus,-0.11111111109999999,2018-11-22,4
1762071,1762071,ГАЗ,Belarus,0.2,2018-11-22,4
1762072,1762072,Газпром,Belarus,0.2,2018-11-22,4
1762073,1762073,ГАЗ,Belarus,-0.25,2018-11-22,4
1762074,1762074,Газпром,Belarus,-0.25,2018-11-22,4
1762076,1762076,ГАЗ,Belarus,0.1627906977,2018-11-22,4
1762077,1762077,Газпром,Belarus,0.1627906977,2018-11-22,4
1762079,1762079,ГАЗ,Belarus,0.3181818182,2018-11-22,4
1762080,1762080,ГАЗ,Belarus,0.1851851852,2018-11-22,4
1762081,1762081,ГАЗ,Belarus,0.2,2018-11-22,4
1762082,1762082,ГАЗ,Belarus,-0.33333333330000003,2018-11-22,4
1762083,1762083,ГАЗ,Belarus,0.2072072072,2018-11-22,4
1762084,1762084,ГАЗ,Belarus,0.25,2018-11-22,4
1762085,1762085,ГАЗ,Belarus,0.4074074074,2018-11-22,4
1762086,1762086,ГАЗ,Belarus,0.4909090909,2018-11-21,4
1762087,1762087,ГАЗ,Belarus,-1.0,2018-11-21,4
1762088,1762088,ГАЗ,Belarus,-1.0,2018-11-21,4
1762089,1762089,ГАЗ,Belarus,-1.0,2018-11-21,4
1762090,1762090,ГАЗ,Belarus,0.0,2018-11-21,4
1762091,1762091,ГАЗ,Belarus,0.25,2018-11-21,4
1762092,1762092,ГАЗ,Belarus,-0.5,2018-11-21,4
1762093,1762093,ГАЗ,Belarus,0.0,2018-11-21,4
1762094,1762094,ГАЗ,Belarus,0.6363636364,2018-11-21,4
1762095,1762095,ГАЗ,Belarus,-0.023255814000000003,2018-11-21,4
1762096,1762096,ГАЗ,Belarus,0.4666666667,2018-11-21,4
1762097,1762097,ГАЗ,Belarus,0.5238095238,2018-11-21,4
1762098,1762098,ГАЗ,Belarus,0.2,2018-11-21,4
1762099,1762099,ГАЗ,Belarus,0.17948717949999998,2018-11-21,4
1762101,1762101,ГАЗ,Belarus,1.0,2018-11-21,4
1762102,1762102,ГАЗ,Belarus,0.33333333330000003,2018-11-21,4
1762103,1762103,ГАЗ,Belarus,-0.33333333330000003,2018-11-21,4
1762104,1762104,ГАЗ,Belarus,-0.8461538462,2018-11-21,4
1762105,1762105,ГАЗ,Belarus,0.052631578899999996,2018-11-20,4
1762106,1762106,ГАЗ,Belarus,0.0,2018-11-20,4
1762107,1762107,ГАЗ,Belarus,0.0,2018-11-20,4
1762108,1762108,ГАЗ,Belarus,-0.6000000000000001,2018-11-20,4
1762109,1762109,ГАЗ,Belarus,0.3939393939,2018-11-20,4
1762110,1762110,КАМАЗ,Belarus,0.25,2018-11-20,4
1762111,1762111,ГАЗ,Belarus,0.0,2018-11-20,4
1762112,1762112,ГАЗ,Belarus,0.0,2018-11-20,4
1762113,1762113,ГАЗ,Belarus,0.3157894737,2018-11-20,4
1762114,1762114,ГАЗ,Belarus,-0.0909090909,2018-11-20,4
1762115,1762115,ГАЗ,Belarus,-0.5,2018-11-20,4
1762116,1762116,ГАЗ,Belarus,0.0,2018-11-20,4
1762117,1762117,ГАЗ,Belarus,0.3949579832,2018-11-20,4
1762118,1762118,ГАЗ,Belarus,0.0,2018-11-20,4
1762119,1762119,ГАЗ,Belarus,0.0,2018-11-20,4
1762120,1762120,ГАЗ,Belarus,0.0,2018-11-20,4
1762667,1762667,ГАЗ,Belarus,0.1666666667,2018-12-01,4
1762992,1762992,ГАЗ,Belarus,0.2,2018-11-30,4
1766065,1766065,ГАЗ,Belarus,-0.14285714289999998,2018-12-01,4
1766369,1766369,Газпром,Belarus,0.0,2018-12-12,4
1766370,1766370,Газпром,Belarus,-0.4545454545000001,2018-12-12,4
1766371,1766371,Газпром,Belarus,-0.2,2018-12-12,4
1766372,1766372,Газпром,Belarus,0.4761904762,2018-12-10,4
1766373,1766373,Газпром,Belarus,-0.04,2018-12-10,4
1766374,1766374,Газпром,Belarus,-0.33333333330000003,2018-12-10,4
1766377,1766377,ГАЗ,Belarus,-0.33333333330000003,2018-12-10,4
1766378,1766378,Газпром,Belarus,0.0476190476,2018-12-09,4
1766379,1766379,Газпром,Belarus,-1.0,2018-12-09,4
1766381,1766381,Газпром,Belarus,0.0731707317,2018-12-09,4
1766382,1766382,Газпром,Belarus,0.11538461539999999,2018-12-08,4
1766383,1766383,Газпром,Belarus,0.0,2018-12-08,4
1766384,1766384,ГАЗ,Belarus,0.0,2018-12-08,4
1766385,1766385,Газпром,Belarus,0.6363636364,2018-12-08,4
1766386,1766386,ГАЗ,Belarus,0.6363636364,2018-12-08,4
1766387,1766387,Газпром,Belarus,0.0,2018-12-07,4
1766388,1766388,ГАЗ,Belarus,0.0,2018-12-07,4
1766389,1766389,Газпром,Belarus,0.7333333333000001,2018-12-07,4
1766390,1766390,ГАЗ,Belarus,0.7333333333000001,2018-12-07,4
1766391,1766391,Газпром,Belarus,0.0,2018-12-07,4
1766392,1766392,Газпром,Belarus,0.0,2018-12-06,4
1766393,1766393,ГАЗ,Belarus,0.0,2018-12-06,4
1766394,1766394,Газпром,Belarus,0.0,2018-12-06,4
1766395,1766395,Газпром,Belarus,0.4025974026,2018-12-06,4
1766396,1766396,Газпром,Belarus,0.2857142857,2018-12-06,4
1766397,1766397,Газпром,Belarus,0.0,2018-12-06,4
1766398,1766398,ГАЗ,Belarus,0.0,2018-12-06,4
1766399,1766399,Газпром,Belarus,0.2727272727,2018-12-06,4
1766400,1766400,Газпром,Belarus,0.1034482759,2018-12-06,4
1766401,1766401,ГАЗ,Belarus,0.1034482759,2018-12-06,4
1766402,1766402,Газпром,Belarus,0.0666666667,2018-12-06,4
1766403,1766403,ГАЗ,Belarus,0.0666666667,2018-12-06,4
1766404,1766404,Газпром,Belarus,-0.42857142859999997,2018-12-05,4
1766405,1766405,Газпром,Belarus,0.0,2018-12-05,4
1766406,1766406,Газпром,Belarus,0.33333333330000003,2018-12-04,4
1766407,1766407,Газпром,Belarus,0.1538461538,2018-12-04,4
1766408,1766408,ГАЗ,Belarus,0.1538461538,2018-12-04,4
1766409,1766409,Газпром,Belarus,0.17241379310000002,2018-12-04,4
1766411,1766411,Газпром,Belarus,0.14285714289999998,2018-12-04,4
1766412,1766412,ГАЗ,Belarus,0.14285714289999998,2018-12-04,4
1766413,1766413,Газпром,Belarus,0.6296296296,2018-12-04,4
1766415,1766415,Газпром,Belarus,0.2713178295,2018-12-03,4
1766416,1766416,ГАЗ,Belarus,0.2713178295,2018-12-03,4
1766417,1766417,Газпром,Belarus,0.17241379310000002,2018-12-02,4
1766419,1766419,Газпром,Belarus,1.0,2018-12-01,4
1766420,1766420,Газпром,Belarus,0.0,2018-12-01,4
1766421,1766421,Газпром,Belarus,0.5555555556,2018-12-01,4
1766422,1766422,Газпром,Belarus,0.6000000000000001,2018-12-01,4
1766428,1766428,Газпром,Belarus,-0.33333333330000003,2018-11-29,4
1766429,1766429,Газпром,Belarus,1.0,2018-11-29,4
1766430,1766430,Газпром,Belarus,0.0,2018-11-29,4
1766431,1766431,Газпром,Belarus,0.5,2018-11-29,4
1766432,1766432,Газпром,Belarus,0.4705882353,2018-11-29,4
1766433,1766433,Газпром,Belarus,0.1612903226,2018-11-28,4
1766434,1766434,Газпром,Belarus,0.0,2018-11-27,4
1766435,1766435,Газпром,Belarus,-1.0,2018-11-27,4
1766436,1766436,ГАЗ,Belarus,-1.0,2018-11-27,4
1766437,1766437,Газпром,Belarus,-1.0,2018-11-27,4
1766438,1766438,ГАЗ,Belarus,-1.0,2018-11-27,4
1766439,1766439,Газпром,Belarus,-1.0,2018-11-27,4
1766440,1766440,ГАЗ,Belarus,-1.0,2018-11-27,4
1766441,1766441,Газпром,Belarus,-1.0,2018-11-27,4
1766442,1766442,ГАЗ,Belarus,-1.0,2018-11-27,4
1766443,1766443,Газпром,Belarus,-1.0,2018-11-27,4
1766444,1766444,ГАЗ,Belarus,-1.0,2018-11-27,4
1766445,1766445,Газпром,Belarus,-1.0,2018-11-27,4
1766446,1766446,ГАЗ,Belarus,-1.0,2018-11-27,4
1766447,1766447,Газпром,Belarus,-1.0,2018-11-27,4
1766448,1766448,ГАЗ,Belarus,-1.0,2018-11-27,4
1766449,1766449,Газпром,Belarus,-1.0,2018-11-27,4
1766450,1766450,ГАЗ,Belarus,-1.0,2018-11-27,4
1766451,1766451,Газпром,Belarus,-1.0,2018-11-27,4
1766452,1766452,ГАЗ,Belarus,-1.0,2018-11-27,4
1766453,1766453,Газпром,Belarus,-1.0,2018-11-27,4
1766454,1766454,ГАЗ,Belarus,-1.0,2018-11-27,4
1766455,1766455,Газпром,Belarus,-1.0,2018-11-27,4
1766456,1766456,ГАЗ,Belarus,-1.0,2018-11-27,4
1766457,1766457,Газпром,Belarus,0.0,2018-11-27,4
1766458,1766458,ГАЗ,Belarus,0.0,2018-11-27,4
1766459,1766459,Газпром,Belarus,0.0,2018-11-27,4
1766460,1766460,ГАЗ,Belarus,0.0,2018-11-27,4
1766461,1766461,Газпром,Belarus,0.0,2018-11-27,4
1766462,1766462,ГАЗ,Belarus,0.0,2018-11-27,4
1766463,1766463,Газпром,Belarus,0.0,2018-11-27,4
1766464,1766464,ГАЗ,Belarus,0.0,2018-11-27,4
1766465,1766465,Газпром,Belarus,0.0,2018-11-27,4
1766466,1766466,ГАЗ,Belarus,0.0,2018-11-27,4
1766467,1766467,Газпром,Belarus,0.052631578899999996,2018-11-27,4
1766468,1766468,ГАЗ,Belarus,0.052631578899999996,2018-11-27,4
1766469,1766469,Газпром,Belarus,0.0,2018-11-26,4
1766470,1766470,Газпром,Belarus,-0.33333333330000003,2018-11-26,4
1766472,1766472,Газпром,Belarus,0.41935483869999995,2018-11-26,4
1766473,1766473,Газпром,Belarus,0.0,2018-11-25,4
1766474,1766474,Газпром,Belarus,0.0909090909,2018-11-24,4
1766476,1766476,Газпром,Belarus,-0.2,2018-11-22,4
1766478,1766478,Газпром,Belarus,0.5555555556,2018-11-22,4
1766479,1766479,Газпром,Belarus,0.1466666667,2018-11-22,4
1766480,1766480,Газпром,Belarus,0.16216216220000002,2018-11-22,4
1766481,1766481,Газпром,Belarus,0.0,2018-11-21,4
1766483,1766483,Газпром,Belarus,0.0,2018-10-30,4
1766484,1766484,Газпром,Belarus,0.0,2018-10-30,4
1766485,1766485,Газпром,Belarus,0.0,2018-10-30,4
1768436,1768436,ГАЗ,Belarus,0.22222222219999999,2018-12-05,4
1768440,1768440,ГАЗ,Belarus,-0.0571428571,2018-12-04,4
1768443,1768443,ГАЗ,Belarus,-0.2380952381,2018-11-28,4
1768445,1768445,ГАЗ,Belarus,-0.7000000000000001,2018-11-18,4
1768447,1768447,ГАЗ,Belarus,-0.5555555556,2018-11-17,4
1768448,1768448,ГАЗ,Belarus,0.156626506,2018-11-13,4
1768449,1768449,Газпром,Belarus,-0.8666666667,2018-11-06,4
1768450,1768450,ГАЗ,Belarus,-0.0454545455,2018-10-29,4
1768534,1768534,ГАЗ,Belarus,0.7391304348000001,2018-10-28,4
1769380,1769380,КАМАЗ,Belarus,-0.25,2018-11-18,4
1769381,1769381,ГАЗ,Belarus,-0.25,2018-11-18,4
1769702,1769702,ГАЗ,Belarus,0.1764705882,2018-11-29,4
1769712,1769712,ГАЗ,Belarus,0.8,2018-11-08,4
1770775,1770775,КАМАЗ,Belarus,-0.1304347826,2018-12-12,4
1770776,1770776,КАМАЗ,Belarus,0.0,2018-12-11,4
1770777,1770777,КАМАЗ,Belarus,0.25862068969999996,2018-12-10,4
1770779,1770779,ГАЗ,Belarus,0.25862068969999996,2018-12-10,4
1770780,1770780,КАМАЗ,Belarus,0.224137931,2018-12-10,4
1770782,1770782,ГАЗ,Belarus,0.224137931,2018-12-10,4
1770783,1770783,КАМАЗ,Belarus,0.14285714289999998,2018-12-07,4
1770784,1770784,ГАЗ,Belarus,0.14285714289999998,2018-12-07,4
1770785,1770785,КАМАЗ,Belarus,0.2839506173,2018-12-07,4
1770787,1770787,КАМАЗ,Belarus,0.38823529409999996,2018-11-29,4
1770788,1770788,ГАЗ,Belarus,0.38823529409999996,2018-11-29,4
1770789,1770789,КАМАЗ,Belarus,0.5,2018-11-28,4
1770791,1770791,КАМАЗ,Belarus,0.2,2018-11-28,4
1770793,1770793,КАМАЗ,Belarus,-0.5,2018-11-28,4
1770794,1770794,КАМАЗ,Belarus,0.7142857143000001,2018-11-27,4
1770796,1770796,КАМАЗ,Belarus,0.0,2018-11-27,4
1770798,1770798,КАМАЗ,Belarus,0.1932773109,2018-11-26,4
1770800,1770800,ГАЗ,Belarus,0.1932773109,2018-11-26,4
1770801,1770801,КАМАЗ,Belarus,0.11111111109999999,2018-11-23,4
1770802,1770802,КАМАЗ,Belarus,-0.0769230769,2018-11-22,4
1770804,1770804,КАМАЗ,Belarus,0.33333333330000003,2018-11-21,4
1770805,1770805,КАМАЗ,Belarus,-0.33333333330000003,2018-11-20,4
1770806,1770806,КАМАЗ,Belarus,0.2363636364,2018-11-19,4
1770807,1770807,КАМАЗ,Belarus,0.5789473684,2018-11-19,4
1770808,1770808,ГАЗ,Belarus,0.5789473684,2018-11-19,4
1770809,1770809,КАМАЗ,Belarus,0.1904761905,2018-11-19,4
1770810,1770810,ГАЗ,Belarus,0.1904761905,2018-11-19,4
1770811,1770811,КАМАЗ,Belarus,0.0,2018-11-19,4
1770812,1770812,ГАЗ,Belarus,0.0,2018-11-19,4
1770813,1770813,КАМАЗ,Belarus,0.6000000000000001,2018-11-19,4
1770814,1770814,ГАЗ,Belarus,0.6000000000000001,2018-11-19,4
1770815,1770815,КАМАЗ,Belarus,0.6153846154,2018-11-19,4
1770817,1770817,ГАЗ,Belarus,0.6153846154,2018-11-19,4
1770818,1770818,КАМАЗ,Belarus,0.7692307692,2018-11-19,4
1770820,1770820,ГАЗ,Belarus,0.7692307692,2018-11-19,4
1770821,1770821,КАМАЗ,Belarus,-0.08196721309999999,2018-11-19,4
1770822,1770822,КАМАЗ,Belarus,-0.0833333333,2018-11-19,4
1770823,1770823,КАМАЗ,Belarus,0.0909090909,2018-11-19,4
1770824,1770824,ГАЗ,Belarus,0.0909090909,2018-11-19,4
1770825,1770825,КАМАЗ,Belarus,-0.25,2018-11-18,4
1770826,1770826,ГАЗ,Belarus,-0.25,2018-11-18,4
1770827,1770827,КАМАЗ,Belarus,0.0,2018-11-18,4
1770828,1770828,ГАЗ,Belarus,0.0,2018-11-18,4
1770829,1770829,КАМАЗ,Belarus,0.0909090909,2018-11-17,4
1770831,1770831,КАМАЗ,Belarus,0.0,2018-11-13,4
1770832,1770832,КАМАЗ,Belarus,0.0,2018-11-09,4
1770833,1770833,КАМАЗ,Belarus,0.0,2018-11-09,4
1770834,1770834,КАМАЗ,Belarus,-0.6000000000000001,2018-11-05,4
1770835,1770835,КАМАЗ,Belarus,0.0,2018-11-05,4
1770836,1770836,КАМАЗ,Belarus,0.1707317073,2018-11-05,4
1770837,1770837,КАМАЗ,Belarus,1.0,2018-11-05,4
1770838,1770838,КАМАЗ,Belarus,0.4117647059,2018-11-04,4
1770839,1770839,КАМАЗ,Belarus,0.0,2018-11-04,4
1770840,1770840,КАМАЗ,Belarus,0.0,2018-11-04,4
1770841,1770841,КАМАЗ,Belarus,0.0,2018-11-03,4
1770842,1770842,КАМАЗ,Belarus,0.0,2018-11-03,4
1770843,1770843,КАМАЗ,Belarus,0.14285714289999998,2018-11-03,4
1770844,1770844,КАМАЗ,Belarus,0.8181818181999999,2018-11-03,4
1770845,1770845,КАМАЗ,Belarus,0.75,2018-11-03,4
1770846,1770846,КАМАЗ,Belarus,0.0,2018-11-03,4
1770847,1770847,КАМАЗ,Belarus,0.0,2018-11-03,4
1770848,1770848,КАМАЗ,Belarus,-0.14285714289999998,2018-11-03,4
1770849,1770849,КАМАЗ,Belarus,0.0,2018-11-03,4
1770850,1770850,КАМАЗ,Belarus,-1.0,2018-11-03,4
1770851,1770851,КАМАЗ,Belarus,0.0,2018-11-03,4
1770852,1770852,КАМАЗ,Belarus,0.7142857143000001,2018-11-03,4
1770853,1770853,КАМАЗ,Belarus,0.75,2018-11-03,4
1770855,1770855,КАМАЗ,Belarus,-0.5555555556,2018-11-03,4
1770856,1770856,КАМАЗ,Belarus,-0.5,2018-11-03,4
1770857,1770857,КАМАЗ,Belarus,-0.33333333330000003,2018-11-03,4
1770858,1770858,КАМАЗ,Belarus,0.0,2018-11-01,4
1770860,1770860,КАМАЗ,Belarus,0.0,2018-10-30,4
1770861,1770861,КАМАЗ,Belarus,0.0,2018-10-30,4
1770862,1770862,КАМАЗ,Belarus,0.2413793103,2018-10-26,4
1770863,1770863,КАМАЗ,Belarus,0.3947368421,2018-10-26,4
1770864,1770864,КАМАЗ,Belarus,-1.0,2018-10-24,4
1772772,1772772,Газпром,Belarus,-0.33333333330000003,2018-11-08,4
1772774,1772774,Газпром,Belarus,0.0,2018-11-08,4
1772775,1772775,Газпром,Belarus,-0.2,2018-11-08,4
1772777,1772777,Газпром,Belarus,0.5,2018-11-08,4
1772778,1772778,Газпром,Belarus,0.0,2018-11-08,4
1772779,1772779,Газпром,Belarus,0.2432432432,2018-11-08,4
1772780,1772780,Газпром,Belarus,0.0952380952,2018-11-08,4
1772781,1772781,Газпром,Belarus,0.0,2018-11-06,4
1772782,1772782,Газпром,Belarus,0.2,2018-11-06,4
1772784,1772784,Газпром,Belarus,0.1904761905,2018-11-05,4
1772788,1772788,Газпром,Belarus,0.0,2018-11-04,4
1772791,1772791,Газпром,Belarus,0.3888888889,2018-11-03,4
1772792,1772792,ГАЗ,Belarus,0.3888888889,2018-11-03,4
1772793,1772793,Газпром,Belarus,0.3529411765,2018-11-03,4
1772794,1772794,ГАЗ,Belarus,0.3529411765,2018-11-03,4
1772795,1772795,Газпром,Belarus,0.0,2018-11-03,4
1772796,1772796,Газпром,Belarus,0.2340425532,2018-11-03,4
1772797,1772797,Газпром,Belarus,0.0,2018-11-03,4
1772798,1772798,Газпром,Belarus,0.5121951220000001,2018-11-03,4
1772799,1772799,Газпром,Belarus,0.5555555556,2018-11-03,4
1772800,1772800,Газпром,Belarus,0.5483870968,2018-11-02,4
1772801,1772801,Газпром,Belarus,0.0,2018-11-02,4
1772802,1772802,Газпром,Belarus,0.8666666667,2018-11-02,4
1772804,1772804,Газпром,Belarus,0.0857142857,2018-11-02,4
1772805,1772805,Газпром,Belarus,0.5428571429,2018-11-02,4
1772806,1772806,Газпром,Belarus,0.0,2018-11-02,4
1772807,1772807,Газпром,Belarus,0.25,2018-11-01,4
1772808,1772808,Газпром,Belarus,0.0,2018-11-01,4
1772809,1772809,Газпром,Belarus,-0.25,2018-11-01,4
1772810,1772810,Газпром,Belarus,0.2121212121,2018-10-31,4
1772811,1772811,Газпром,Belarus,0.0,2018-10-31,4
1772812,1772812,Газпром,Belarus,0.30909090910000003,2018-10-31,4
1772813,1772813,Газпром,Belarus,0.52,2018-10-30,4
1772814,1772814,Газпром,Belarus,0.0,2018-10-30,4
1772815,1772815,Газпром,Belarus,1.0,2018-10-30,4
1772816,1772816,Газпром,Belarus,0.0,2018-10-30,4
1772817,1772817,Газпром,Belarus,0.0,2018-10-30,4
1772818,1772818,Газпром,Belarus,0.0,2018-10-30,4
1772819,1772819,Газпром,Belarus,0.0,2018-10-29,4
1772820,1772820,Газпром,Belarus,0.2631578947,2018-10-29,4
1772821,1772821,ГАЗ,Belarus,0.2631578947,2018-10-29,4
1772822,1772822,Газпром,Belarus,0.31034482760000004,2018-10-28,4
1772823,1772823,Газпром,Belarus,0.5,2018-10-27,4
1772825,1772825,Газпром,Belarus,0.33333333330000003,2018-10-27,4
1772827,1772827,Газпром,Belarus,0.5,2018-10-25,4
1772828,1772828,Газпром,Belarus,-0.6000000000000001,2018-10-25,4
1772829,1772829,Газпром,Belarus,-0.6666666667000001,2018-10-25,4
1772830,1772830,Газпром,Belarus,0.0,2018-10-23,4
1772831,1772831,Газпром,Belarus,0.0,2018-10-22,4
1772832,1772832,Газпром,Belarus,0.3725490196,2018-10-22,4
1772833,1772833,Газпром,Belarus,0.7777777778,2018-10-22,4
1772835,1772835,Газпром,Belarus,0.8,2018-10-22,4
1772837,1772837,Газпром,Belarus,0.4603174603,2018-10-21,4
1772838,1772838,ГАЗ,Belarus,0.4603174603,2018-10-21,4
1772839,1772839,Газпром,Belarus,0.30000000000000004,2018-10-20,4
1772840,1772840,Газпром,Belarus,0.23076923079999997,2018-10-19,4
1772841,1772841,Газпром,Belarus,0.0,2018-10-19,4
1772842,1772842,Газпром,Belarus,0.4545454545000001,2018-10-19,4
1772843,1772843,Газпром,Belarus,0.3913043478,2018-10-18,4
1772844,1772844,Газпром,Belarus,0.0,2018-10-18,4
1772846,1772846,Газпром,Belarus,0.33333333330000003,2018-10-17,4
1772847,1772847,ГАЗ,Belarus,0.33333333330000003,2018-10-17,4
1772848,1772848,Газпром,Belarus,0.2857142857,2018-10-17,4
1772849,1772849,ГАЗ,Belarus,0.2857142857,2018-10-17,4
1772850,1772850,Газпром,Belarus,0.2,2018-10-17,4
1772851,1772851,ГАЗ,Belarus,0.2,2018-10-17,4
1772852,1772852,Газпром,Belarus,0.2941176471,2018-10-17,4
1772853,1772853,ГАЗ,Belarus,0.2941176471,2018-10-17,4
1772854,1772854,Газпром,Belarus,0.0,2018-10-16,4
1772855,1772855,Газпром,Belarus,0.33333333330000003,2018-10-16,4
1772856,1772856,Газпром,Belarus,0.0833333333,2018-10-15,4
1772859,1772859,Газпром,Belarus,0.33333333330000003,2018-10-15,4
1772860,1772860,Газпром,Belarus,0.25,2018-10-14,4
1772861,1772861,Газпром,Belarus,0.4,2018-10-12,4
1773082,1773082,ГАЗ,Belarus,0.13636363640000002,2018-11-30,4
1773083,1773083,ГАЗ,Belarus,0.0,2018-11-30,4
1773084,1773084,ГАЗ,Belarus,0.2820512821,2018-11-30,4
1773086,1773086,ГАЗ,Belarus,-1.0,2018-11-30,4
1773087,1773087,ГАЗ,Belarus,-0.1034482759,2018-11-30,4
1773089,1773089,ГАЗ,Belarus,0.0,2018-11-30,4
1773091,1773091,ГАЗ,Belarus,0.11111111109999999,2018-11-30,4
1773092,1773092,ГАЗ,Belarus,0.0,2018-11-30,4
1773094,1773094,ГАЗ,Belarus,0.4736842105,2018-11-30,4
1773095,1773095,ГАЗ,Belarus,-0.14285714289999998,2018-11-30,4
1773096,1773096,ГАЗ,Belarus,0.0,2018-11-30,4
1773097,1773097,ГАЗ,Belarus,0.0,2018-11-30,4
1773098,1773098,ГАЗ,Belarus,0.2666666667,2018-11-30,4
1773099,1773099,ГАЗ,Belarus,0.0,2018-11-30,4
1773100,1773100,ГАЗ,Belarus,0.0909090909,2018-11-30,4
1773101,1773101,ГАЗ,Belarus,0.0,2018-11-30,4
1773103,1773103,ГАЗ,Belarus,0.39534883719999997,2018-11-30,4
1773104,1773104,ГАЗ,Belarus,-0.5,2018-11-30,4
1773105,1773105,ГАЗ,Belarus,0.2727272727,2018-11-30,4
1773106,1773106,ГАЗ,Belarus,0.0,2018-11-29,4
1773107,1773107,ГАЗ,Belarus,0.11111111109999999,2018-11-29,4
1773108,1773108,ГАЗ,Belarus,0.2061068702,2018-11-29,4
1773110,1773110,ГАЗ,Belarus,0.0,2018-11-29,4
1773111,1773111,ГАЗ,Belarus,0.5714285714,2018-11-29,4
1773112,1773112,ГАЗ,Belarus,0.1827956989,2018-11-29,4
1773113,1773113,ГАЗ,Belarus,-0.14285714289999998,2018-11-29,4
1773114,1773114,ГАЗ,Belarus,0.2727272727,2018-11-29,4
1773115,1773115,ГАЗ,Belarus,0.5,2018-11-29,4
1773116,1773116,ГАЗ,Belarus,0.5,2018-11-29,4
1773117,1773117,ГАЗ,Belarus,0.4814814815,2018-11-29,4
1773118,1773118,ГАЗ,Belarus,0.0,2018-11-29,4
1773119,1773119,ГАЗ,Belarus,0.3170731707,2018-11-29,4
1773120,1773120,ГАЗ,Belarus,-0.3846153846,2018-11-29,4
1773121,1773121,ГАЗ,Belarus,0.2413793103,2018-11-29,4
1773122,1773122,ГАЗ,Belarus,0.52,2018-11-29,4
1773123,1773123,ГАЗ,Belarus,0.2,2018-11-29,4
1773124,1773124,ГАЗ,Belarus,0.23076923079999997,2018-11-29,4
1773125,1773125,ГАЗ,Belarus,-0.12820512820000002,2018-11-29,4
1773127,1773127,ГАЗ,Belarus,0.11111111109999999,2018-11-29,4
1773128,1773128,ГАЗ,Belarus,-0.0909090909,2018-11-29,4
1773129,1773129,ГАЗ,Belarus,-0.25,2018-11-29,4
1773130,1773130,ГАЗ,Belarus,0.11111111109999999,2018-11-28,4
1773131,1773131,ГАЗ,Belarus,0.1666666667,2018-11-28,4
1773132,1773132,ГАЗ,Belarus,0.2,2018-11-28,4
1773133,1773133,ГАЗ,Belarus,0.347826087,2018-11-28,4
1773134,1773134,ГАЗ,Belarus,0.0,2018-11-28,4
1773136,1773136,ГАЗ,Belarus,0.0,2018-11-28,4
1773137,1773137,ГАЗ,Belarus,-0.05882352940000001,2018-11-28,4
1773138,1773138,ГАЗ,Belarus,0.6000000000000001,2018-11-28,4
1773139,1773139,ГАЗ,Belarus,0.28,2018-11-28,4
1773140,1773140,ГАЗ,Belarus,0.0909090909,2018-11-27,4
1773141,1773141,ГАЗ,Belarus,0.4146341463,2018-11-27,4
1773142,1773142,ГАЗ,Belarus,0.1707317073,2018-11-27,4
1773143,1773143,ГАЗ,Belarus,0.2,2018-11-27,4
1773144,1773144,ГАЗ,Belarus,0.15,2018-11-27,4
1773145,1773145,ГАЗ,Belarus,0.0909090909,2018-11-27,4
1773146,1773146,ГАЗ,Belarus,1.0,2018-11-27,4
1775035,1775035,КАМАЗ,Belarus,1.0,2018-10-24,4
1775036,1775036,КАМАЗ,Belarus,-0.33333333330000003,2018-10-21,4
1775037,1775037,КАМАЗ,Belarus,-1.0,2018-10-15,4
1775038,1775038,КАМАЗ,Belarus,0.30952380949999997,2018-10-15,4
1775039,1775039,КАМАЗ,Belarus,-0.6000000000000001,2018-10-12,4
1775040,1775040,КАМАЗ,Belarus,-0.2,2018-10-11,4
1775041,1775041,КАМАЗ,Belarus,1.0,2018-10-11,4
1775042,1775042,КАМАЗ,Belarus,0.0,2018-10-10,4
1775043,1775043,КАМАЗ,Belarus,0.0,2018-10-10,4
1775044,1775044,КАМАЗ,Belarus,0.11111111109999999,2018-10-10,4
1775045,1775045,КАМАЗ,Belarus,-1.0,2018-10-10,4
1775046,1775046,КАМАЗ,Belarus,-1.0,2018-10-09,4
1775047,1775047,КАМАЗ,Belarus,-0.33333333330000003,2018-10-09,4
1775048,1775048,КАМАЗ,Belarus,-1.0,2018-10-09,4
1775049,1775049,КАМАЗ,Belarus,0.0,2018-10-07,4
1775524,1775524,ГАЗ,Belarus,0.4375,2018-12-08,4
1775540,1775540,ГАЗ,Belarus,0.0,2018-12-08,4
1778097,1778097,ГАЗ,Belarus,0.11111111109999999,2018-12-03,4
1779090,1779090,ГАЗ,Belarus,-1.0,2018-12-03,4
1780663,1780663,ГАЗ,Belarus,0.15,2018-12-06,4
1780667,1780667,ГАЗ,Belarus,0.2857142857,2018-12-06,4
1781697,1781697,ГАЗ,Belarus,-0.1320754717,2018-12-04,4
1781713,1781713,ГАЗ,Belarus,0.21052631579999997,2018-12-04,4
1781722,1781722,ГАЗ,Belarus,0.6000000000000001,2018-12-04,4
1781731,1781731,ГАЗ,Belarus,0.3904761905,2018-12-03,4
1784962,1784962,ГАЗ,Belarus,0.4545454545000001,2018-11-15,4
1785421,1785421,ГАЗ,Belarus,0.224137931,2018-12-10,4
1786018,1786018,ГАЗ,Belarus,0.0967741935,2018-11-23,4
1787148,1787148,ГАЗ,Belarus,0.125,2018-12-08,4
1787152,1787152,ГАЗ,Belarus,0.2941176471,2018-12-08,4
1791179,1791179,ГАЗ,Belarus,0.75,2018-12-03,4
1791187,1791187,ГАЗ,Belarus,-0.14814814810000002,2018-12-02,4
1791492,1791492,ГАЗ,Belarus,-0.33333333330000003,2018-11-03,4
1791548,1791548,ГАЗ,Belarus,-0.5428571429,2018-11-01,4
1791549,1791549,ГАЗ,Belarus,-0.0769230769,2018-11-01,4
1791550,1791550,ГАЗ,Belarus,0.8461538462,2018-11-01,4
1791551,1791551,ГАЗ,Belarus,0.5238095238,2018-11-01,4
1791552,1791552,ГАЗ,Belarus,0.33333333330000003,2018-11-01,4
1791553,1791553,ГАЗ,Belarus,0.3114754098,2018-11-01,4
1791554,1791554,ГАЗ,Belarus,0.3076923077,2018-11-01,4
1791555,1791555,ГАЗ,Belarus,1.0,2018-11-01,4
1791556,1791556,ГАЗ,Belarus,0.3076923077,2018-10-31,4
1791557,1791557,ГАЗ,Belarus,0.0,2018-10-31,4
1791558,1791558,ГАЗ,Belarus,0.4,2018-10-31,4
1791559,1791559,ГАЗ,Belarus,-0.2941176471,2018-10-31,4
1791560,1791560,ГАЗ,Belarus,-0.5,2018-10-31,4
1791561,1791561,ГАЗ,Belarus,0.2727272727,2018-10-31,4
1791562,1791562,ГАЗ,Belarus,-0.25,2018-10-31,4
1791563,1791563,ГАЗ,Belarus,0.0,2018-10-30,4
1791564,1791564,ГАЗ,Belarus,0.0,2018-10-30,4
1791565,1791565,ГАЗ,Belarus,0.0,2018-10-30,4
1791566,1791566,ГАЗ,Belarus,-0.0952380952,2018-10-30,4
1791567,1791567,ГАЗ,Belarus,0.10638297869999999,2018-10-30,4
1791568,1791568,ГАЗ,Belarus,0.0,2018-10-30,4
1791569,1791569,ГАЗ,Belarus,0.33333333330000003,2018-10-30,4
1791570,1791570,ГАЗ,Belarus,0.0,2018-10-30,4
1791571,1791571,ГАЗ,Belarus,0.36842105259999997,2018-10-30,4
1791572,1791572,ГАЗ,Belarus,1.0,2018-10-29,4
1791573,1791573,ГАЗ,Belarus,0.0,2018-10-29,4
1791574,1791574,ГАЗ,Belarus,0.0,2018-10-29,4
1791575,1791575,ГАЗ,Belarus,-0.0909090909,2018-10-29,4
1791576,1791576,ГАЗ,Belarus,0.4137931034,2018-10-29,4
1791577,1791577,ГАЗ,Belarus,0.22222222219999999,2018-10-28,4
1791578,1791578,ГАЗ,Belarus,0.15789473680000002,2018-10-28,4
1791579,1791579,ГАЗ,Belarus,0.1764705882,2018-10-28,4
1791580,1791580,ГАЗ,Belarus,0.4666666667,2018-10-28,4
1791581,1791581,ГАЗ,Belarus,-1.0,2018-10-28,4
1791582,1791582,ГАЗ,Belarus,0.1466666667,2018-10-27,4
1791583,1791583,ГАЗ,Belarus,0.0416666667,2018-10-27,4
1791584,1791584,ГАЗ,Belarus,0.33333333330000003,2018-10-27,4
1791585,1791585,ГАЗ,Belarus,-1.0,2018-10-27,4
1791586,1791586,ГАЗ,Belarus,-1.0,2018-10-27,4
1791587,1791587,ГАЗ,Belarus,-0.75,2018-10-27,4
1791588,1791588,ГАЗ,Belarus,-1.0,2018-10-27,4
1791589,1791589,ГАЗ,Belarus,0.4459459459,2018-10-26,4
1791590,1791590,ГАЗ,Belarus,-0.037037037,2018-10-26,4
1791591,1791591,ГАЗ,Belarus,1.0,2018-10-26,4
1791592,1791592,ГАЗ,Belarus,0.6666666667000001,2018-10-26,4
1791593,1791593,ГАЗ,Belarus,1.0,2018-10-26,4
1791594,1791594,ГАЗ,Belarus,1.0,2018-10-26,4
1791595,1791595,ГАЗ,Belarus,0.8095238095,2018-10-26,4
1791596,1791596,ГАЗ,Belarus,-0.2727272727,2018-10-26,4
1791597,1791597,ГАЗ,Belarus,-0.33333333330000003,2018-10-26,4
1791598,1791598,ГАЗ,Belarus,1.0,2018-10-26,4
1791599,1791599,ГАЗ,Belarus,0.33333333330000003,2018-10-26,4
1793171,1793171,ГАЗ,Belarus,-0.6363636364,2018-11-26,4
1793193,1793193,ГАЗ,Belarus,-0.4,2018-11-25,4
1793252,1793252,ГАЗ,Belarus,0.14285714289999998,2018-12-03,4
1793892,1793892,ГАЗ,Belarus,0.1612903226,2018-11-16,4
1793893,1793893,ГАЗ,Belarus,-0.0476190476,2018-11-16,4
1793894,1793894,ГАЗ,Belarus,0.0,2018-11-16,4
1793895,1793895,ГАЗ,Belarus,0.0,2018-11-16,4
1793896,1793896,ГАЗ,Belarus,0.05,2018-11-16,4
1793898,1793898,ГАЗ,Belarus,0.0,2018-11-16,4
1793899,1793899,ГАЗ,Belarus,0.0,2018-11-16,4
1793900,1793900,ГАЗ,Belarus,-0.0476190476,2018-11-16,4
1793901,1793901,ГАЗ,Belarus,0.0,2018-11-16,4
1793902,1793902,ГАЗ,Belarus,0.1739130435,2018-11-16,4
1793903,1793903,ГАЗ,Belarus,0.3666666667,2018-11-16,4
1793904,1793904,ГАЗ,Belarus,0.1641791045,2018-11-16,4
1793905,1793905,ГАЗ,Belarus,1.0,2018-11-16,4
1793906,1793906,ГАЗ,Belarus,0.0886075949,2018-11-15,4
1793907,1793907,ГАЗ,Belarus,-0.14285714289999998,2018-11-15,4
1793908,1793908,ГАЗ,Belarus,0.0,2018-11-15,4
1793909,1793909,ГАЗ,Belarus,-0.2727272727,2018-11-15,4
1793910,1793910,ГАЗ,Belarus,0.0204081633,2018-11-15,4
1793911,1793911,ГАЗ,Belarus,-0.25,2018-11-15,4
1793912,1793912,ГАЗ,Belarus,0.29577464789999997,2018-11-15,4
1793913,1793913,ГАЗ,Belarus,0.0,2018-11-15,4
1793914,1793914,ГАЗ,Belarus,0.8823529412000001,2018-11-15,4
1793915,1793915,ГАЗ,Belarus,-1.0,2018-11-15,4
1793916,1793916,ГАЗ,Belarus,0.0,2018-11-15,4
1793917,1793917,ГАЗ,Belarus,-0.14285714289999998,2018-11-15,4
1793918,1793918,ГАЗ,Belarus,0.0,2018-11-14,4
1793919,1793919,ГАЗ,Belarus,-0.0612244898,2018-11-14,4
1793920,1793920,ГАЗ,Belarus,0.0769230769,2018-11-14,4
1793921,1793921,ГАЗ,Belarus,-0.1034482759,2018-11-14,4
1793923,1793923,ГАЗ,Belarus,0.5333333333,2018-11-14,4
1793924,1793924,ГАЗ,Belarus,0.0,2018-11-14,4
1793925,1793925,ГАЗ,Belarus,-0.33333333330000003,2018-11-14,4
1793926,1793926,ГАЗ,Belarus,-0.33333333330000003,2018-11-14,4
1793927,1793927,ГАЗ,Belarus,0.33333333330000003,2018-11-14,4
1793928,1793928,ГАЗ,Belarus,-0.2,2018-11-14,4
1793929,1793929,ГАЗ,Belarus,-0.1818181818,2018-11-14,4
1793930,1793930,ГАЗ,Belarus,0.0769230769,2018-11-13,4
1793931,1793931,ГАЗ,Belarus,0.11111111109999999,2018-11-13,4
1793932,1793932,ГАЗ,Belarus,0.6000000000000001,2018-11-13,4
1793933,1793933,ГАЗ,Belarus,-0.0769230769,2018-11-13,4
1793935,1793935,ГАЗ,Belarus,-0.1666666667,2018-11-13,4
1793936,1793936,ГАЗ,Belarus,0.42857142859999997,2018-11-13,4
1793937,1793937,ГАЗ,Belarus,-0.027027027,2018-11-13,4
1793938,1793938,ГАЗ,Belarus,0.33333333330000003,2018-11-13,4
1793939,1793939,ГАЗ,Belarus,0.27586206900000004,2018-11-13,4
1793940,1793940,ГАЗ,Belarus,0.23076923079999997,2018-11-13,4
1793941,1793941,ГАЗ,Belarus,-0.2727272727,2018-11-13,4
1793942,1793942,ГАЗ,Belarus,0.6923076923,2018-11-13,4
1793943,1793943,ГАЗ,Belarus,0.24705882350000002,2018-11-13,4
1793944,1793944,ГАЗ,Belarus,0.4339622642,2018-11-13,4
1793945,1793945,ГАЗ,Belarus,0.2820512821,2018-11-13,4
1793946,1793946,ГАЗ,Belarus,0.3023255814,2018-11-13,4
1793947,1793947,ГАЗ,Belarus,0.2631578947,2018-11-12,4
1793948,1793948,ГАЗ,Belarus,-0.33333333330000003,2018-11-12,4
1793949,1793949,ГАЗ,Belarus,0.0,2018-11-12,4
1793950,1793950,ГАЗ,Belarus,0.8181818181999999,2018-11-12,4
1793951,1793951,ГАЗ,Belarus,0.0,2018-11-12,4
1793952,1793952,ГАЗ,Belarus,0.7142857143000001,2018-11-12,4
1793953,1793953,ГАЗ,Belarus,0.0,2018-11-11,4
1793954,1793954,ГАЗ,Belarus,0.0967741935,2018-11-11,4
1794854,1794854,ГАЗ,Belarus,0.4615384615,2018-12-03,4
1795167,1795167,ГАЗ,Belarus,0.40350877189999995,2018-10-16,4
1795209,1795209,ГАЗ,Belarus,0.6470588235,2018-12-04,4
1795213,1795213,ГАЗ,Belarus,0.0,2018-12-04,4
1795521,1795521,ГАЗ,Belarus,-0.22222222219999999,2018-12-06,4
1795560,1795560,ГАЗ,Belarus,-0.2,2018-12-06,4
1795887,1795887,ГАЗ,Belarus,0.17460317460000002,2018-12-07,4
1797199,1797199,ГАЗ,Belarus,0.4150943396,2018-11-09,4
1799779,1799779,ГАЗ,Belarus,-0.0476190476,2018-11-03,4
1803602,1803602,ГАЗ,Belarus,-0.05882352940000001,2018-10-21,4
1803603,1803603,ГАЗ,Belarus,0.5263157895,2018-10-21,4
1803604,1803604,ГАЗ,Belarus,0.0,2018-10-20,4
1803605,1803605,ГАЗ,Belarus,0.0,2018-10-20,4
1803606,1803606,ГАЗ,Belarus,-0.6666666667000001,2018-10-20,4
1803607,1803607,ГАЗ,Belarus,0.0,2018-10-20,4
1803608,1803608,ГАЗ,Belarus,0.7777777778,2018-10-20,4
1803609,1803609,ГАЗ,Belarus,0.25,2018-10-20,4
1803610,1803610,ГАЗ,Belarus,0.1904761905,2018-10-20,4
1803611,1803611,ГАЗ,Belarus,0.6521739129999999,2018-10-20,4
1803612,1803612,ГАЗ,Belarus,0.0666666667,2018-10-19,4
1803613,1803613,ГАЗ,Belarus,0.33333333330000003,2018-10-19,4
1803614,1803614,ГАЗ,Belarus,-0.125,2018-10-19,4
1803615,1803615,ГАЗ,Belarus,-0.33333333330000003,2018-10-19,4
1803616,1803616,ГАЗ,Belarus,0.0,2018-10-19,4
1803617,1803617,ГАЗ,Belarus,0.33333333330000003,2018-10-19,4
1803618,1803618,ГАЗ,Belarus,0.11111111109999999,2018-10-19,4
1803619,1803619,ГАЗ,Belarus,-0.2,2018-10-19,4
1803620,1803620,ГАЗ,Belarus,1.0,2018-10-19,4
1803621,1803621,ГАЗ,Belarus,0.1666666667,2018-10-19,4
1803622,1803622,ГАЗ,Belarus,0.33333333330000003,2018-10-19,4
1803623,1803623,ГАЗ,Belarus,-0.0909090909,2018-10-19,4
1803624,1803624,ГАЗ,Belarus,0.0,2018-10-19,4
1803625,1803625,ГАЗ,Belarus,0.1707317073,2018-10-19,4
1803626,1803626,ГАЗ,Belarus,0.23076923079999997,2018-10-19,4
1803627,1803627,ГАЗ,Belarus,0.4666666667,2018-10-19,4
1803628,1803628,ГАЗ,Belarus,0.11111111109999999,2018-10-19,4
1803629,1803629,ГАЗ,Belarus,0.0,2018-10-18,4
1803630,1803630,ГАЗ,Belarus,0.0,2018-10-18,4
1803631,1803631,ГАЗ,Belarus,0.4666666667,2018-10-18,4
1803632,1803632,ГАЗ,Belarus,0.0,2018-10-18,4
1803633,1803633,ГАЗ,Belarus,-0.0666666667,2018-10-18,4
1803634,1803634,ГАЗ,Belarus,0.22222222219999999,2018-10-18,4
1803636,1803636,ГАЗ,Belarus,0.0857142857,2018-10-18,4
1803637,1803637,ГАЗ,Belarus,0.0,2018-10-18,4
1803638,1803638,ГАЗ,Belarus,0.33333333330000003,2018-10-18,4
1803640,1803640,ГАЗ,Belarus,0.2631578947,2018-10-18,4
1803641,1803641,ГАЗ,Belarus,0.0,2018-10-18,4
1803642,1803642,ГАЗ,Belarus,-1.0,2018-10-17,4
1803643,1803643,ГАЗ,Belarus,0.25,2018-10-17,4
1803644,1803644,ГАЗ,Belarus,0.0,2018-10-17,4
1803645,1803645,ГАЗ,Belarus,0.42105263159999995,2018-10-17,4
1803647,1803647,ГАЗ,Belarus,0.0,2018-10-17,4
1803648,1803648,ГАЗ,Belarus,0.0,2018-10-17,4
1803649,1803649,ГАЗ,Belarus,0.0,2018-10-17,4
1803650,1803650,ГАЗ,Belarus,0.0,2018-10-17,4
1803651,1803651,ГАЗ,Belarus,0.2,2018-10-17,4
1803652,1803652,ГАЗ,Belarus,0.1904761905,2018-10-17,4
1803653,1803653,ГАЗ,Belarus,0.5,2018-10-17,4
1803654,1803654,ГАЗ,Belarus,0.11111111109999999,2018-10-17,4
1803655,1803655,ГАЗ,Belarus,0.0,2018-10-16,4
1803656,1803656,ГАЗ,Belarus,0.04,2018-10-16,4
1803657,1803657,ГАЗ,Belarus,-0.0909090909,2018-10-16,4
1803658,1803658,ГАЗ,Belarus,-0.037037037,2018-10-16,4
1803659,1803659,ГАЗ,Belarus,0.0,2018-10-16,4
1803660,1803660,ГАЗ,Belarus,0.016949152500000002,2018-10-16,4
1803661,1803661,ГАЗ,Belarus,0.6363636364,2018-10-16,4
1803662,1803662,ГАЗ,Belarus,0.0,2018-10-16,4
1803663,1803663,ГАЗ,Belarus,0.5555555556,2018-10-16,4
1803664,1803664,ГАЗ,Belarus,0.0,2018-10-16,4
1803665,1803665,ГАЗ,Belarus,0.6363636364,2018-10-16,4
1803666,1803666,ГАЗ,Belarus,-0.42857142859999997,2018-10-15,4
1803667,1803667,ГАЗ,Belarus,0.2558139535,2018-10-15,4
1803668,1803668,ГАЗ,Belarus,-0.6000000000000001,2018-10-15,4
1804424,1804424,ГАЗ,Belarus,0.1818181818,2018-10-23,4
1804425,1804425,ГАЗ,Belarus,0.12820512820000002,2018-10-23,4
1804852,1804852,ГАЗ,Belarus,0.0,2018-12-09,4
1804854,1804854,ГАЗ,Belarus,0.5,2018-12-09,4
1804862,1804862,ГАЗ,Belarus,1.0,2018-12-09,4
1804865,1804865,ГАЗ,Belarus,1.0,2018-12-09,4
1804867,1804867,ГАЗ,Belarus,1.0,2018-12-09,4
1804883,1804883,ГАЗ,Belarus,1.0,2018-12-08,4
1804898,1804898,ГАЗ,Belarus,0.3888888889,2018-12-08,4
1805018,1805018,ГАЗ,Belarus,-0.2631578947,2018-10-25,4
1805019,1805019,ГАЗ,Belarus,0.0,2018-10-25,4
1805020,1805020,ГАЗ,Belarus,0.0,2018-10-25,4
1805021,1805021,ГАЗ,Belarus,-0.36,2018-10-25,4
1805022,1805022,ГАЗ,Belarus,-0.36,2018-10-25,4
1805023,1805023,ГАЗ,Belarus,0.5,2018-10-25,4
1805024,1805024,ГАЗ,Belarus,-0.33333333330000003,2018-10-25,4
1805025,1805025,ГАЗ,Belarus,0.0,2018-10-25,4
1805026,1805026,ГАЗ,Belarus,1.0,2018-10-25,4
1805027,1805027,ГАЗ,Belarus,0.10526315789999999,2018-10-25,4
1805028,1805028,ГАЗ,Belarus,0.0,2018-10-24,4
1805029,1805029,ГАЗ,Belarus,0.0714285714,2018-10-24,4
1805030,1805030,ГАЗ,Belarus,0.0,2018-10-24,4
1805031,1805031,ГАЗ,Belarus,0.23076923079999997,2018-10-24,4
1805032,1805032,ГАЗ,Belarus,0.2602739726,2018-10-24,4
1805033,1805033,ГАЗ,Belarus,0.2592592593,2018-10-24,4
1805034,1805034,ГАЗ,Belarus,-1.0,2018-10-24,4
1805035,1805035,ГАЗ,Belarus,1.0,2018-10-24,4
1805036,1805036,ГАЗ,Belarus,0.6363636364,2018-10-24,4
1805037,1805037,ГАЗ,Belarus,0.75,2018-10-24,4
1805038,1805038,ГАЗ,Belarus,0.0,2018-10-24,4
1805039,1805039,ГАЗ,Belarus,-1.0,2018-10-24,4
1805040,1805040,ГАЗ,Belarus,0.0,2018-10-23,4
1805041,1805041,ГАЗ,Belarus,0.2727272727,2018-10-23,4
1805042,1805042,ГАЗ,Belarus,0.5555555556,2018-10-23,4
1805043,1805043,ГАЗ,Belarus,1.0,2018-10-23,4
1805044,1805044,ГАЗ,Belarus,0.15789473680000002,2018-10-23,4
1805045,1805045,ГАЗ,Belarus,0.0,2018-10-23,4
1805046,1805046,ГАЗ,Belarus,0.0,2018-10-23,4
1805047,1805047,ГАЗ,Belarus,0.0,2018-10-23,4
1805048,1805048,ГАЗ,Belarus,0.6000000000000001,2018-10-23,4
1805049,1805049,ГАЗ,Belarus,0.0,2018-10-23,4
1805050,1805050,ГАЗ,Belarus,0.0,2018-10-23,4
1805051,1805051,ГАЗ,Belarus,1.0,2018-10-23,4
1805052,1805052,ГАЗ,Belarus,0.5,2018-10-23,4
1805053,1805053,ГАЗ,Belarus,0.7142857143000001,2018-10-23,4
1805054,1805054,ГАЗ,Belarus,0.33333333330000003,2018-10-23,4
1805055,1805055,ГАЗ,Belarus,0.33333333330000003,2018-10-23,4
1805056,1805056,ГАЗ,Belarus,-0.7142857143000001,2018-10-23,4
1805057,1805057,ГАЗ,Belarus,0.2,2018-10-23,4
1805058,1805058,ГАЗ,Belarus,0.40350877189999995,2018-10-23,4
1805059,1805059,ГАЗ,Belarus,1.0,2018-10-23,4
1805060,1805060,ГАЗ,Belarus,0.14285714289999998,2018-10-23,4
1805061,1805061,ГАЗ,Belarus,0.75,2018-10-23,4
1805062,1805062,ГАЗ,Belarus,0.5,2018-10-23,4
1805063,1805063,ГАЗ,Belarus,1.0,2018-10-23,4
1805064,1805064,ГАЗ,Belarus,0.0769230769,2018-10-23,4
1805065,1805065,ГАЗ,Belarus,1.0,2018-10-23,4
1805066,1805066,ГАЗ,Belarus,1.0,2018-10-23,4
1805067,1805067,ГАЗ,Belarus,0.10638297869999999,2018-10-22,4
1805068,1805068,ГАЗ,Belarus,0.3225806452,2018-10-22,4
1805069,1805069,ГАЗ,Belarus,0.35000000000000003,2018-10-22,4
1805070,1805070,ГАЗ,Belarus,0.4666666667,2018-10-22,4
1805071,1805071,ГАЗ,Belarus,0.33333333330000003,2018-10-22,4
1805072,1805072,ГАЗ,Belarus,0.11111111109999999,2018-10-22,4
1805073,1805073,ГАЗ,Belarus,0.0697674419,2018-10-22,4
1805074,1805074,ГАЗ,Belarus,0.2857142857,2018-10-22,4
1805075,1805075,ГАЗ,Belarus,0.0,2018-10-21,4
1805076,1805076,ГАЗ,Belarus,0.0,2018-10-21,4
1805077,1805077,ГАЗ,Belarus,0.0,2018-10-21,4
1805482,1805482,ГАЗ,Belarus,0.3714285714,2018-12-08,4
1805489,1805489,ГАЗ,Belarus,0.13725490199999998,2018-12-08,4
1805493,1805493,ГАЗ,Belarus,0.20930232559999998,2018-12-08,4
1806590,1806590,КАМАЗ,Belarus,0.2,2018-11-19,4
1806591,1806591,КАМАЗ,Belarus,-0.028571428599999997,2018-11-16,4
1806592,1806592,КАМАЗ,Belarus,0.2380952381,2018-10-05,4
1806611,1806611,ГАЗ,Belarus,0.0476190476,2018-12-08,4
1809057,1809057,ГАЗ,Belarus,-0.31092436970000004,2018-11-27,4
1809058,1809058,ГАЗ,Belarus,0.0869565217,2018-11-27,4
1809059,1809059,ГАЗ,Belarus,-0.30909090910000003,2018-11-27,4
1809060,1809060,ГАЗ,Belarus,0.0,2018-11-27,4
1809061,1809061,ГАЗ,Belarus,0.33333333330000003,2018-11-27,4
1809062,1809062,ГАЗ,Belarus,0.7647058823999999,2018-11-27,4
1809063,1809063,ГАЗ,Belarus,0.0769230769,2018-11-27,4
1809064,1809064,ГАЗ,Belarus,0.0,2018-11-27,4
1809065,1809065,ГАЗ,Belarus,-0.2,2018-11-27,4
1809066,1809066,ГАЗ,Belarus,-0.2380952381,2018-11-26,4
1809067,1809067,ГАЗ,Belarus,0.5076923077000001,2018-11-26,4
1809068,1809068,ГАЗ,Belarus,0.0,2018-11-26,4
1809069,1809069,ГАЗ,Belarus,0.0,2018-11-26,4
1809070,1809070,ГАЗ,Belarus,0.1333333333,2018-11-26,4
1809071,1809071,ГАЗ,Belarus,0.1836734694,2018-11-26,4
1809072,1809072,ГАЗ,Belarus,0.52,2018-11-26,4
1809073,1809073,ГАЗ,Belarus,0.0,2018-11-26,4
1809075,1809075,ГАЗ,Belarus,0.6000000000000001,2018-11-26,4
1809076,1809076,ГАЗ,Belarus,-1.0,2018-11-26,4
1809077,1809077,ГАЗ,Belarus,0.25,2018-11-26,4
1809078,1809078,ГАЗ,Belarus,-0.5,2018-11-26,4
1809079,1809079,ГАЗ,Belarus,-0.11111111109999999,2018-11-26,4
1809080,1809080,ГАЗ,Belarus,-0.33333333330000003,2018-11-26,4
1809081,1809081,ГАЗ,Belarus,-0.2,2018-11-26,4
1809082,1809082,ГАЗ,Belarus,-0.4,2018-11-25,4
1809083,1809083,ГАЗ,Belarus,-0.23076923079999997,2018-11-25,4
1809084,1809084,ГАЗ,Belarus,0.0,2018-11-25,4
1809085,1809085,ГАЗ,Belarus,-0.5,2018-11-25,4
1809086,1809086,ГАЗ,Belarus,-1.0,2018-11-25,4
1809087,1809087,ГАЗ,Belarus,-0.2777777778,2018-11-25,4
1809088,1809088,ГАЗ,Belarus,0.2110091743,2018-11-25,4
1809089,1809089,ГАЗ,Belarus,0.21904761900000005,2018-11-25,4
1809090,1809090,ГАЗ,Belarus,-1.0,2018-11-25,4
1809091,1809091,ГАЗ,Belarus,0.2,2018-11-25,4
1809092,1809092,ГАЗ,Belarus,-0.5,2018-11-25,4
1809093,1809093,ГАЗ,Belarus,0.4814814815,2018-11-25,4
1809094,1809094,ГАЗ,Belarus,-0.5,2018-11-24,4
1809095,1809095,ГАЗ,Belarus,-0.0909090909,2018-11-24,4
1809096,1809096,ГАЗ,Belarus,0.33333333330000003,2018-11-24,4
1809097,1809097,ГАЗ,Belarus,-0.25,2018-11-24,4
1809098,1809098,ГАЗ,Belarus,0.0,2018-11-24,4
1809099,1809099,ГАЗ,Belarus,-0.0625,2018-11-24,4
1809100,1809100,ГАЗ,Belarus,-0.4,2018-11-24,4
1809101,1809101,ГАЗ,Belarus,-0.33333333330000003,2018-11-24,4
1809102,1809102,ГАЗ,Belarus,0.6428571429000001,2018-11-24,4
1809103,1809103,ГАЗ,Belarus,0.0,2018-11-24,4
1809104,1809104,ГАЗ,Belarus,0.0,2018-11-24,4
1809105,1809105,ГАЗ,Belarus,0.0,2018-11-24,4
1809106,1809106,ГАЗ,Belarus,0.2173913043,2018-11-24,4
1809107,1809107,ГАЗ,Belarus,-0.33333333330000003,2018-11-24,4
1809108,1809108,ГАЗ,Belarus,0.0,2018-11-24,4
1809109,1809109,ГАЗ,Belarus,-0.34020618560000004,2018-11-24,4
1809110,1809110,ГАЗ,Belarus,0.0909090909,2018-11-24,4
1809111,1809111,ГАЗ,Belarus,0.35877862600000004,2018-11-23,4
1809112,1809112,ГАЗ,Belarus,-0.0697674419,2018-11-23,4
1809494,1809494,ГАЗ,Belarus,0.40425531909999995,2018-12-07,4
1812366,1812366,ГАЗ,Belarus,0.4594594595000001,2018-12-07,4
1812381,1812381,ГАЗ,Belarus,0.375,2018-12-07,4
1812383,1812383,ГАЗ,Belarus,0.2,2018-12-07,4
1814486,1814486,ГАЗ,Belarus,0.1851851852,2018-12-04,4
1815110,1815110,ГАЗ,Belarus,0.33333333330000003,2018-12-07,4
1815114,1815114,ГАЗ,Belarus,0.5555555556,2018-12-07,4
1815117,1815117,ГАЗ,Belarus,0.0,2018-12-07,4
1815119,1815119,ГАЗ,Belarus,0.0,2018-12-07,4
1815123,1815123,ГАЗ,Belarus,0.3904761905,2018-12-07,4
1815127,1815127,ГАЗ,Belarus,0.36633663369999997,2018-12-07,4
1815144,1815144,ГАЗ,Belarus,0.4453781513,2018-12-07,4
1815146,1815146,ГАЗ,Belarus,-0.42857142859999997,2018-12-07,4
1815154,1815154,ГАЗ,Belarus,0.5555555556,2018-12-06,4
1815157,1815157,ГАЗ,Belarus,-0.3043478261,2018-12-06,4
1815160,1815160,ГАЗ,Belarus,0.25663716810000003,2018-12-06,4
1815163,1815163,ГАЗ,Belarus,0.30120481930000004,2018-12-06,4
1815166,1815166,ГАЗ,Belarus,0.6000000000000001,2018-12-06,4
1815170,1815170,ГАЗ,Belarus,-0.0769230769,2018-12-06,4
1815172,1815172,ГАЗ,Belarus,-0.5,2018-12-06,4
1815174,1815174,ГАЗ,Belarus,0.42857142859999997,2018-12-06,4
1815176,1815176,ГАЗ,Belarus,0.25,2018-12-06,4
1815182,1815182,ГАЗ,Belarus,0.0833333333,2018-12-06,4
1815187,1815187,ГАЗ,Belarus,0.1333333333,2018-12-06,4
1815189,1815189,ГАЗ,Belarus,0.14285714289999998,2018-12-06,4
1815193,1815193,ГАЗ,Belarus,0.2666666667,2018-12-06,4
1815195,1815195,ГАЗ,Belarus,0.42857142859999997,2018-12-06,4
1815595,1815595,ГАЗ,Belarus,0.7777777778,2018-12-09,4
1815634,1815634,ГАЗ,Belarus,-0.1304347826,2018-12-09,4
1815641,1815641,ГАЗ,Belarus,-0.1851851852,2018-12-09,4
1815643,1815643,ГАЗ,Belarus,0.0,2018-12-09,4
1815645,1815645,ГАЗ,Belarus,0.5,2018-12-09,4
1815648,1815648,ГАЗ,Belarus,-0.1764705882,2018-12-09,4
1817901,1817901,ГАЗ,Belarus,0.42857142859999997,2018-12-06,4
1817903,1817903,ГАЗ,Belarus,0.25333333329999996,2018-12-06,4
1817905,1817905,ГАЗ,Belarus,0.0,2018-12-06,4
1817906,1817906,ГАЗ,Belarus,0.0,2018-12-06,4
1817907,1817907,ГАЗ,Belarus,0.5,2018-12-06,4
1817909,1817909,ГАЗ,Belarus,0.0,2018-12-06,4
1817910,1817910,ГАЗ,Belarus,0.4736842105,2018-12-06,4
1817911,1817911,ГАЗ,Belarus,-0.4545454545000001,2018-12-06,4
1817912,1817912,ГАЗ,Belarus,0.0,2018-12-06,4
1817913,1817913,ГАЗ,Belarus,0.2857142857,2018-12-06,4
1817914,1817914,ГАЗ,Belarus,0.5094339622999999,2018-12-06,4
1817915,1817915,ГАЗ,Belarus,0.33333333330000003,2018-12-06,4
1817917,1817917,ГАЗ,Belarus,0.4782608696,2018-12-06,4
1817920,1817920,ГАЗ,Belarus,-0.4545454545000001,2018-12-05,4
1817921,1817921,ГАЗ,Belarus,0.42857142859999997,2018-12-05,4
1817922,1817922,ГАЗ,Belarus,0.0,2018-12-05,4
1817923,1817923,ГАЗ,Belarus,0.0,2018-12-05,4
1817925,1817925,ГАЗ,Belarus,0.4,2018-12-05,4
1817926,1817926,ГАЗ,Belarus,0.1333333333,2018-12-05,4
1817927,1817927,ГАЗ,Belarus,-0.0181818182,2018-12-05,4
1817928,1817928,ГАЗ,Belarus,0.0,2018-12-05,4
1817929,1817929,ГАЗ,Belarus,0.0,2018-12-05,4
1817930,1817930,ГАЗ,Belarus,0.2380952381,2018-12-05,4
1817931,1817931,ГАЗ,Belarus,-0.2857142857,2018-12-05,4
1817932,1817932,ГАЗ,Belarus,0.0869565217,2018-12-05,4
1817933,1817933,ГАЗ,Belarus,0.2380952381,2018-12-05,4
1817934,1817934,ГАЗ,Belarus,0.0,2018-12-05,4
1817935,1817935,ГАЗ,Belarus,-0.2,2018-12-05,4
1817936,1817936,ГАЗ,Belarus,0.0,2018-12-05,4
1817937,1817937,ГАЗ,Belarus,0.0,2018-12-05,4
1817938,1817938,ГАЗ,Belarus,-0.5,2018-12-05,4
1817939,1817939,ГАЗ,Belarus,0.6153846154,2018-12-05,4
1817940,1817940,ГАЗ,Belarus,0.25,2018-12-05,4
1817941,1817941,ГАЗ,Belarus,0.1851851852,2018-12-05,4
1817942,1817942,ГАЗ,Belarus,0.0,2018-12-05,4
1817943,1817943,ГАЗ,Belarus,0.2,2018-12-05,4
1817944,1817944,ГАЗ,Belarus,0.2,2018-12-05,4
1817945,1817945,ГАЗ,Belarus,0.5,2018-12-05,4
1817946,1817946,ГАЗ,Belarus,-0.33333333330000003,2018-12-05,4
1817948,1817948,ГАЗ,Belarus,0.0,2018-12-04,4
1817949,1817949,ГАЗ,Belarus,0.0,2018-12-04,4
1817950,1817950,ГАЗ,Belarus,0.0,2018-12-04,4
1817951,1817951,ГАЗ,Belarus,-0.2,2018-12-04,4
1817952,1817952,ГАЗ,Belarus,1.0,2018-12-04,4
1817953,1817953,ГАЗ,Belarus,0.0,2018-12-04,4
1817954,1817954,ГАЗ,Belarus,-0.2,2018-12-04,4
1817955,1817955,ГАЗ,Belarus,-0.2,2018-12-04,4
1817956,1817956,ГАЗ,Belarus,0.0,2018-12-04,4
1817957,1817957,ГАЗ,Belarus,0.23076923079999997,2018-12-04,4
1817958,1817958,ГАЗ,Belarus,0.0,2018-12-04,4
1817959,1817959,ГАЗ,Belarus,0.0,2018-12-04,4
1817960,1817960,ГАЗ,Belarus,-0.5,2018-12-04,4
1817961,1817961,ГАЗ,Belarus,-0.25,2018-12-04,4
1817962,1817962,ГАЗ,Belarus,-0.11111111109999999,2018-12-04,4
1817963,1817963,ГАЗ,Belarus,-1.0,2018-12-04,4
1817964,1817964,ГАЗ,Belarus,0.6000000000000001,2018-12-04,4
1819817,1819817,ГАЗ,Belarus,0.48837209299999995,2018-11-20,4
1819818,1819818,ГАЗ,Belarus,0.41935483869999995,2018-11-20,4
1819819,1819819,ГАЗ,Belarus,0.5897435897000001,2018-11-20,4
1819820,1819820,ГАЗ,Belarus,0.5094339622999999,2018-11-20,4
1819821,1819821,ГАЗ,Belarus,0.3777777778,2018-11-19,4
1819822,1819822,ГАЗ,Belarus,0.1666666667,2018-11-19,4
1819823,1819823,ГАЗ,Belarus,0.6363636364,2018-11-19,4
1819824,1819824,ГАЗ,Belarus,0.3043478261,2018-11-19,4
1819825,1819825,ГАЗ,Belarus,0.2,2018-11-19,4
1819826,1819826,ГАЗ,Belarus,-0.027777777799999997,2018-11-19,4
1819827,1819827,ГАЗ,Belarus,0.0,2018-11-19,4
1819828,1819828,ГАЗ,Belarus,0.0,2018-11-19,4
1819829,1819829,ГАЗ,Belarus,0.0,2018-11-19,4
1819830,1819830,ГАЗ,Belarus,0.4074074074,2018-11-18,4
1819831,1819831,ГАЗ,Belarus,0.6000000000000001,2018-11-18,4
1819832,1819832,ГАЗ,Belarus,0.2727272727,2018-11-18,4
1819833,1819833,ГАЗ,Belarus,0.0,2018-11-18,4
1819834,1819834,ГАЗ,Belarus,0.6666666667000001,2018-11-18,4
1819835,1819835,ГАЗ,Belarus,0.0,2018-11-18,4
1819836,1819836,ГАЗ,Belarus,0.0,2018-11-18,4
1819837,1819837,ГАЗ,Belarus,0.0,2018-11-18,4
1819838,1819838,ГАЗ,Belarus,0.2857142857,2018-11-18,4
1819839,1819839,ГАЗ,Belarus,-0.8,2018-11-18,4
1819840,1819840,ГАЗ,Belarus,0.2727272727,2018-11-18,4
1819841,1819841,ГАЗ,Belarus,0.25,2018-11-18,4
1819842,1819842,ГАЗ,Belarus,-0.1886792453,2018-11-17,4
1819843,1819843,ГАЗ,Belarus,0.5555555556,2018-11-17,4
1819844,1819844,ГАЗ,Belarus,0.33333333330000003,2018-11-17,4
1819845,1819845,ГАЗ,Belarus,0.14285714289999998,2018-11-17,4
1819846,1819846,ГАЗ,Belarus,0.27058823530000004,2018-11-17,4
1819848,1819848,ГАЗ,Belarus,-0.11111111109999999,2018-11-17,4
1819849,1819849,ГАЗ,Belarus,-0.2857142857,2018-11-17,4
1819850,1819850,ГАЗ,Belarus,0.0,2018-11-17,4
1819851,1819851,ГАЗ,Belarus,0.0,2018-11-17,4
1819852,1819852,ГАЗ,Belarus,0.0,2018-11-17,4
1819853,1819853,ГАЗ,Belarus,0.0666666667,2018-11-17,4
1819854,1819854,ГАЗ,Belarus,-0.14285714289999998,2018-11-17,4
1819855,1819855,ГАЗ,Belarus,-0.36842105259999997,2018-11-17,4
1819856,1819856,ГАЗ,Belarus,0.0,2018-11-17,4
1819857,1819857,ГАЗ,Belarus,0.1818181818,2018-11-17,4
1819858,1819858,ГАЗ,Belarus,0.36170212770000004,2018-11-17,4
1819859,1819859,ГАЗ,Belarus,0.1496062992,2018-11-16,4
1819860,1819860,ГАЗ,Belarus,0.0,2018-11-16,4
1819861,1819861,ГАЗ,Belarus,0.055555555599999994,2018-11-16,4
1819862,1819862,ГАЗ,Belarus,0.0909090909,2018-11-16,4
1819863,1819863,ГАЗ,Belarus,0.0,2018-11-16,4
1819864,1819864,ГАЗ,Belarus,0.0857142857,2018-11-16,4
1819866,1819866,ГАЗ,Belarus,0.0,2018-11-16,4
1821174,1821174,ГАЗ,Belarus,0.15789473680000002,2018-12-07,4
1822370,1822370,ГАЗ,Belarus,-0.387755102,2018-12-06,4
1822480,1822480,ГАЗ,Belarus,0.5555555556,2018-12-06,4
1822499,1822499,ГАЗ,Belarus,0.0,2018-12-06,4
1823904,1823904,ГАЗ,Belarus,-1.0,2018-12-04,4
1824463,1824463,ГАЗ,Belarus,-0.1538461538,2018-12-01,4
1825309,1825309,ГАЗ,Belarus,0.6666666667000001,2018-12-10,4
1825314,1825314,ГАЗ,Belarus,0.44444444439999997,2018-12-10,4
1825316,1825316,ГАЗ,Belarus,0.2,2018-12-10,4
1825655,1825655,ГАЗ,Belarus,0.4,2018-12-06,4
1827107,1827107,ГАЗ,Belarus,0.0,2018-12-07,4
1827108,1827108,ГАЗ,Belarus,0.5555555556,2018-12-07,4
1827109,1827109,ГАЗ,Belarus,0.3827160494,2018-12-07,4
1827110,1827110,ГАЗ,Belarus,0.2,2018-12-07,4
1827111,1827111,ГАЗ,Belarus,0.36,2018-12-07,4
1827112,1827112,ГАЗ,Belarus,0.4545454545000001,2018-12-07,4
1827113,1827113,ГАЗ,Belarus,0.0,2018-12-07,4
1827114,1827114,ГАЗ,Belarus,-0.1317829457,2018-12-07,4
1827115,1827115,ГАЗ,Belarus,0.0,2018-12-07,4
1827116,1827116,ГАЗ,Belarus,-1.0,2018-12-07,4
1827117,1827117,ГАЗ,Belarus,0.16853932579999995,2018-12-07,4
1827118,1827118,ГАЗ,Belarus,0.7272727273,2018-12-07,4
1827119,1827119,ГАЗ,Belarus,0.2380952381,2018-12-07,4
1827120,1827120,ГАЗ,Belarus,-0.0909090909,2018-12-07,4
1827121,1827121,ГАЗ,Belarus,0.2266666667,2018-12-07,4
1827122,1827122,ГАЗ,Belarus,0.625,2018-12-07,4
1827123,1827123,ГАЗ,Belarus,0.4594594595000001,2018-12-07,4
1827124,1827124,ГАЗ,Belarus,0.5813953488,2018-12-07,4
1827125,1827125,ГАЗ,Belarus,0.7368421053,2018-12-07,4
1827126,1827126,ГАЗ,Belarus,0.76,2018-12-07,4
1827127,1827127,ГАЗ,Belarus,0.7142857143000001,2018-12-07,4
1827128,1827128,ГАЗ,Belarus,0.5151515152,2018-12-07,4
1827129,1827129,ГАЗ,Belarus,0.6000000000000001,2018-12-07,4
1827130,1827130,ГАЗ,Belarus,0.92,2018-12-07,4
1827131,1827131,ГАЗ,Belarus,0.5238095238,2018-12-07,4
1827132,1827132,ГАЗ,Belarus,0.5555555556,2018-12-07,4
1827133,1827133,ГАЗ,Belarus,0.7894736842000001,2018-12-07,4
1827134,1827134,ГАЗ,Belarus,0.44444444439999997,2018-12-07,4
1827135,1827135,ГАЗ,Belarus,0.2,2018-12-07,4
1827136,1827136,ГАЗ,Belarus,0.0,2018-12-07,4
1827137,1827137,ГАЗ,Belarus,0.0,2018-12-06,4
1827138,1827138,ГАЗ,Belarus,0.0,2018-12-06,4
1827139,1827139,ГАЗ,Belarus,0.4576271186,2018-12-06,4
1827140,1827140,ГАЗ,Belarus,0.2,2018-12-06,4
1827141,1827141,ГАЗ,Belarus,0.5,2018-12-06,4
1827142,1827142,ГАЗ,Belarus,0.0,2018-12-06,4
1827143,1827143,ГАЗ,Belarus,-0.11111111109999999,2018-12-06,4
1827144,1827144,ГАЗ,Belarus,-0.2,2018-12-06,4
1827145,1827145,ГАЗ,Belarus,0.0,2018-12-06,4
1827146,1827146,ГАЗ,Belarus,0.0,2018-12-06,4
1827147,1827147,ГАЗ,Belarus,0.0,2018-12-06,4
1827148,1827148,ГАЗ,Belarus,0.2173913043,2018-12-06,4
1827149,1827149,ГАЗ,Belarus,0.05882352940000001,2018-12-06,4
1827150,1827150,ГАЗ,Belarus,0.5272727273,2018-12-06,4
1827151,1827151,ГАЗ,Belarus,0.0,2018-12-06,4
1831111,1831111,ГАЗ,Belarus,0.5102040816,2018-12-10,4
1831113,1831113,ГАЗ,Belarus,-0.33333333330000003,2018-12-10,4
1831114,1831114,ГАЗ,Belarus,0.0,2018-12-10,4
1831115,1831115,ГАЗ,Belarus,-0.2653061224,2018-12-10,4
1831117,1831117,ГАЗ,Belarus,-0.0869565217,2018-12-10,4
1831119,1831119,ГАЗ,Belarus,0.6000000000000001,2018-12-09,4
1831120,1831120,ГАЗ,Belarus,0.15789473680000002,2018-12-09,4
1831122,1831122,ГАЗ,Belarus,0.0,2018-12-09,4
1831123,1831123,ГАЗ,Belarus,0.0,2018-12-09,4
1831124,1831124,ГАЗ,Belarus,0.0,2018-12-09,4
1831125,1831125,ГАЗ,Belarus,0.0,2018-12-09,4
1831126,1831126,ГАЗ,Belarus,0.0,2018-12-09,4
1831127,1831127,ГАЗ,Belarus,0.1764705882,2018-12-09,4
1831129,1831129,ГАЗ,Belarus,0.0,2018-12-09,4
1831130,1831130,ГАЗ,Belarus,0.0,2018-12-09,4
1831131,1831131,ГАЗ,Belarus,0.0,2018-12-09,4
1831132,1831132,ГАЗ,Belarus,0.0,2018-12-09,4
1831133,1831133,ГАЗ,Belarus,0.3571428571,2018-12-09,4
1831134,1831134,ГАЗ,Belarus,-0.2631578947,2018-12-09,4
1831135,1831135,ГАЗ,Belarus,0.0,2018-12-09,4
1831136,1831136,ГАЗ,Belarus,0.0,2018-12-09,4
1831137,1831137,ГАЗ,Belarus,-0.5882352941,2018-12-09,4
1831138,1831138,ГАЗ,Belarus,0.0,2018-12-09,4
1831139,1831139,ГАЗ,Belarus,0.0,2018-12-09,4
1831140,1831140,ГАЗ,Belarus,0.0,2018-12-09,4
1831141,1831141,ГАЗ,Belarus,-0.5,2018-12-09,4
1831142,1831142,ГАЗ,Belarus,0.3488372093,2018-12-09,4
1831143,1831143,ГАЗ,Belarus,0.0,2018-12-09,4
1831144,1831144,ГАЗ,Belarus,0.0,2018-12-09,4
1831145,1831145,ГАЗ,Belarus,0.0,2018-12-09,4
1831146,1831146,ГАЗ,Belarus,-0.33333333330000003,2018-12-09,4
1831147,1831147,ГАЗ,Belarus,0.0,2018-12-09,4
1831148,1831148,ГАЗ,Belarus,0.0,2018-12-09,4
1831149,1831149,ГАЗ,Belarus,0.0,2018-12-09,4
1831150,1831150,ГАЗ,Belarus,0.0,2018-12-09,4
1831151,1831151,ГАЗ,Belarus,0.0,2018-12-09,4
1831152,1831152,ГАЗ,Belarus,0.0,2018-12-09,4
1831153,1831153,ГАЗ,Belarus,0.0,2018-12-08,4
1831154,1831154,ГАЗ,Belarus,0.0,2018-12-08,4
1831155,1831155,ГАЗ,Belarus,-0.5652173913,2018-12-08,4
1831157,1831157,ГАЗ,Belarus,0.0,2018-12-08,4
1831158,1831158,ГАЗ,Belarus,0.15789473680000002,2018-12-08,4
1831159,1831159,ГАЗ,Belarus,0.0,2018-12-08,4
1831160,1831160,ГАЗ,Belarus,-0.6666666667000001,2018-12-08,4
1831161,1831161,ГАЗ,Belarus,0.0,2018-12-08,4
1832184,1832184,ГАЗ,Belarus,0.0,2018-12-04,4
1832185,1832185,ГАЗ,Belarus,-0.2631578947,2018-12-04,4
1832186,1832186,ГАЗ,Belarus,0.25,2018-12-04,4
1832187,1832187,ГАЗ,Belarus,-1.0,2018-12-04,4
1832188,1832188,ГАЗ,Belarus,0.2857142857,2018-12-04,4
1832189,1832189,ГАЗ,Belarus,-0.2631578947,2018-12-04,4
1832190,1832190,ГАЗ,Belarus,0.0952380952,2018-12-04,4
1832191,1832191,ГАЗ,Belarus,-0.3043478261,2018-12-04,4
1832192,1832192,ГАЗ,Belarus,0.0,2018-12-04,4
1832193,1832193,ГАЗ,Belarus,0.4615384615,2018-12-04,4
1832194,1832194,ГАЗ,Belarus,0.0,2018-12-04,4
1832195,1832195,ГАЗ,Belarus,0.0,2018-12-04,4
1832196,1832196,ГАЗ,Belarus,0.42857142859999997,2018-12-04,4
1832197,1832197,ГАЗ,Belarus,0.1739130435,2018-12-04,4
1832198,1832198,ГАЗ,Belarus,0.0,2018-12-03,4
1832199,1832199,ГАЗ,Belarus,0.0,2018-12-03,4
1832200,1832200,ГАЗ,Belarus,1.0,2018-12-03,4
1832201,1832201,ГАЗ,Belarus,0.0,2018-12-03,4
1832202,1832202,ГАЗ,Belarus,0.0,2018-12-03,4
1832203,1832203,ГАЗ,Belarus,0.0,2018-12-03,4
1832204,1832204,ГАЗ,Belarus,0.6000000000000001,2018-12-03,4
1832205,1832205,ГАЗ,Belarus,-0.0476190476,2018-12-03,4
1832206,1832206,ГАЗ,Belarus,0.5,2018-12-03,4
1832207,1832207,ГАЗ,Belarus,0.44444444439999997,2018-12-03,4
1832208,1832208,ГАЗ,Belarus,0.3125,2018-12-03,4
1832209,1832209,ГАЗ,Belarus,0.22,2018-12-03,4
1832210,1832210,ГАЗ,Belarus,0.1707317073,2018-12-03,4
1832211,1832211,ГАЗ,Belarus,0.48837209299999995,2018-12-03,4
1832212,1832212,ГАЗ,Belarus,0.6470588235,2018-12-03,4
1832213,1832213,ГАЗ,Belarus,-0.125,2018-12-03,4
1832214,1832214,ГАЗ,Belarus,0.0909090909,2018-12-03,4
1832215,1832215,ГАЗ,Belarus,-0.028571428599999997,2018-12-03,4
1832216,1832216,ГАЗ,Belarus,0.0416666667,2018-12-03,4
1832217,1832217,ГАЗ,Belarus,0.23076923079999997,2018-12-03,4
1832218,1832218,ГАЗ,Belarus,0.33333333330000003,2018-12-03,4
1832219,1832219,ГАЗ,Belarus,0.4,2018-12-03,4
1832220,1832220,ГАЗ,Belarus,-0.42857142859999997,2018-12-03,4
1832221,1832221,ГАЗ,Belarus,0.4230769231,2018-12-03,4
1832222,1832222,ГАЗ,Belarus,0.33333333330000003,2018-12-03,4
1832223,1832223,ГАЗ,Belarus,0.6000000000000001,2018-12-03,4
1832224,1832224,ГАЗ,Belarus,0.0666666667,2018-12-02,4
1832225,1832225,ГАЗ,Belarus,0.5,2018-12-02,4
1832226,1832226,ГАЗ,Belarus,0.6190476189999999,2018-12-02,4
1832227,1832227,ГАЗ,Belarus,-0.33333333330000003,2018-12-02,4
1832228,1832228,ГАЗ,Belarus,-1.0,2018-12-02,4
1832229,1832229,ГАЗ,Belarus,-0.1666666667,2018-12-02,4
1832231,1832231,ГАЗ,Belarus,0.0,2018-12-02,4
1832232,1832232,ГАЗ,Belarus,0.0,2018-12-02,4
1832233,1832233,ГАЗ,Belarus,0.3846153846,2018-12-01,4
1832234,1832234,ГАЗ,Belarus,0.2363636364,2018-12-01,4
1832235,1832235,ГАЗ,Belarus,0.1162790698,2018-12-01,4
1832236,1832236,ГАЗ,Belarus,0.0217391304,2018-12-01,4
1832237,1832237,ГАЗ,Belarus,-0.23076923079999997,2018-12-01,4
1832238,1832238,ГАЗ,Belarus,0.0,2018-12-01,4
1832239,1832239,ГАЗ,Belarus,-1.0,2018-12-01,4
1832240,1832240,ГАЗ,Belarus,0.0,2018-12-01,4
1832241,1832241,ГАЗ,Belarus,-0.1875,2018-12-01,4
1832242,1832242,ГАЗ,Belarus,0.0,2018-12-01,4
1832243,1832243,ГАЗ,Belarus,0.22222222219999999,2018-12-01,4
1832244,1832244,ГАЗ,Belarus,0.4782608696,2018-12-01,4
1832245,1832245,ГАЗ,Belarus,-1.0,2018-12-01,4
1833925,1833925,ГАЗ,Belarus,0.0740740741,2018-12-08,4
1833928,1833928,ГАЗ,Belarus,0.4545454545000001,2018-12-08,4
1833931,1833931,ГАЗ,Belarus,0.12,2018-12-07,4
1833934,1833934,ГАЗ,Belarus,0.2,2018-12-07,4
1833936,1833936,ГАЗ,Belarus,0.5238095238,2018-12-07,4
1833940,1833940,ГАЗ,Belarus,0.6666666667000001,2018-12-07,4
1838777,1838777,КАМАЗ,Belarus,0.2,2018-12-13,4
1839763,1839763,ГАЗ,Belarus,0.4545454545000001,2018-11-07,4
1841238,1841238,ГАЗ,Belarus,0.0,2018-11-11,4
1841239,1841239,ГАЗ,Belarus,0.0,2018-11-11,4
1841240,1841240,ГАЗ,Belarus,0.6521739129999999,2018-11-11,4
1841241,1841241,ГАЗ,Belarus,0.0,2018-11-11,4
1841242,1841242,ГАЗ,Belarus,0.0,2018-11-11,4
1841243,1841243,ГАЗ,Belarus,0.5076923077000001,2018-11-11,4
1841244,1841244,ГАЗ,Belarus,0.3636363636,2018-11-10,4
1841245,1841245,ГАЗ,Belarus,0.5,2018-11-10,4
1841246,1841246,ГАЗ,Belarus,-0.0476190476,2018-11-09,4
1841247,1841247,ГАЗ,Belarus,0.0,2018-11-09,4
1841248,1841248,ГАЗ,Belarus,-0.0769230769,2018-11-09,4
1841249,1841249,ГАЗ,Belarus,-0.2727272727,2018-11-09,4
1841250,1841250,ГАЗ,Belarus,0.0,2018-11-08,4
1841251,1841251,ГАЗ,Belarus,0.5333333333,2018-11-08,4
1841252,1841252,ГАЗ,Belarus,0.2631578947,2018-11-08,4
1841253,1841253,ГАЗ,Belarus,0.3714285714,2018-11-08,4
1841254,1841254,ГАЗ,Belarus,0.2,2018-11-08,4
1841255,1841255,ГАЗ,Belarus,0.2340425532,2018-11-08,4
1841256,1841256,ГАЗ,Belarus,0.3777777778,2018-11-08,4
1841257,1841257,ГАЗ,Belarus,0.0,2018-11-08,4
1841258,1841258,ГАЗ,Belarus,0.1641791045,2018-11-08,4
1841259,1841259,ГАЗ,Belarus,0.31343283580000003,2018-11-08,4
1841260,1841260,ГАЗ,Belarus,0.3714285714,2018-11-07,4
1841261,1841261,ГАЗ,Belarus,0.5833333333,2018-11-07,4
1841262,1841262,ГАЗ,Belarus,0.5,2018-11-07,4
1841263,1841263,ГАЗ,Belarus,0.2,2018-11-07,4
1841264,1841264,ГАЗ,Belarus,0.4,2018-11-07,4
1841265,1841265,ГАЗ,Belarus,0.0,2018-11-07,4
1841266,1841266,ГАЗ,Belarus,0.4038461538000001,2018-11-07,4
1841267,1841267,ГАЗ,Belarus,1.0,2018-11-06,4
1841268,1841268,ГАЗ,Belarus,-0.21052631579999997,2018-11-06,4
1841269,1841269,ГАЗ,Belarus,-0.0967741935,2018-11-05,4
1841270,1841270,ГАЗ,Belarus,0.1666666667,2018-11-05,4
1841271,1841271,ГАЗ,Belarus,0.22222222219999999,2018-11-05,4
1841272,1841272,ГАЗ,Belarus,0.3157894737,2018-11-05,4
1841273,1841273,ГАЗ,Belarus,0.2467532468,2018-11-05,4
1841274,1841274,ГАЗ,Belarus,0.0769230769,2018-11-04,4
1841275,1841275,ГАЗ,Belarus,0.2941176471,2018-11-04,4
1841276,1841276,ГАЗ,Belarus,0.1525423729,2018-11-04,4
1841277,1841277,ГАЗ,Belarus,0.7777777778,2018-11-04,4
1841278,1841278,ГАЗ,Belarus,0.0,2018-11-04,4
1841279,1841279,ГАЗ,Belarus,0.5384615385,2018-11-04,4
1841280,1841280,ГАЗ,Belarus,0.1666666667,2018-11-03,4
1841281,1841281,ГАЗ,Belarus,0.4117647059,2018-11-03,4
1841282,1841282,ГАЗ,Belarus,0.0,2018-11-03,4
1841283,1841283,ГАЗ,Belarus,-1.0,2018-11-03,4
1841284,1841284,ГАЗ,Belarus,0.1612903226,2018-11-03,4
1841285,1841285,ГАЗ,Belarus,0.0294117647,2018-11-03,4
1841286,1841286,ГАЗ,Belarus,0.35483870970000003,2018-11-02,4
1841287,1841287,ГАЗ,Belarus,0.0909090909,2018-11-02,4
1841288,1841288,ГАЗ,Belarus,0.11111111109999999,2018-11-02,4
1841289,1841289,ГАЗ,Belarus,0.4571428571,2018-11-02,4
1841290,1841290,ГАЗ,Belarus,0.0,2018-11-02,4
1841291,1841291,ГАЗ,Belarus,1.0,2018-11-02,4
1842966,1842966,ГАЗ,Belarus,-1.0,2018-12-08,4
1842967,1842967,ГАЗ,Belarus,0.0,2018-12-08,4
1842968,1842968,ГАЗ,Belarus,-0.14285714289999998,2018-12-08,4
1842969,1842969,ГАЗ,Belarus,-0.0909090909,2018-12-08,4
1842970,1842970,ГАЗ,Belarus,-0.2727272727,2018-12-08,4
1842971,1842971,ГАЗ,Belarus,0.0,2018-12-08,4
1842972,1842972,ГАЗ,Belarus,0.0,2018-12-08,4
1842973,1842973,ГАЗ,Belarus,0.0,2018-12-08,4
1842974,1842974,ГАЗ,Belarus,0.0,2018-12-08,4
1842975,1842975,ГАЗ,Belarus,-1.0,2018-12-08,4
1842976,1842976,ГАЗ,Belarus,0.64,2018-12-08,4
1842977,1842977,ГАЗ,Belarus,0.0,2018-12-08,4
1842978,1842978,ГАЗ,Belarus,0.0,2018-12-08,4
1842979,1842979,ГАЗ,Belarus,-0.28,2018-12-08,4
1842980,1842980,ГАЗ,Belarus,0.30000000000000004,2018-12-08,4
1842981,1842981,ГАЗ,Belarus,0.3939393939,2018-12-07,4
1842982,1842982,ГАЗ,Belarus,-1.0,2018-12-07,4
1842983,1842983,ГАЗ,Belarus,0.2941176471,2018-12-07,4
1842984,1842984,ГАЗ,Belarus,0.125,2018-12-07,4
1842985,1842985,ГАЗ,Belarus,0.0,2018-12-07,4
1842986,1842986,ГАЗ,Belarus,0.0,2018-12-07,4
1842987,1842987,ГАЗ,Belarus,0.04,2018-12-07,4
1842988,1842988,ГАЗ,Belarus,0.0,2018-12-07,4
1842989,1842989,ГАЗ,Belarus,-0.6000000000000001,2018-12-07,4
1842990,1842990,ГАЗ,Belarus,0.0,2018-12-07,4
1842991,1842991,ГАЗ,Belarus,0.0,2018-12-07,4
1842992,1842992,ГАЗ,Belarus,0.33333333330000003,2018-12-07,4
1842993,1842993,ГАЗ,Belarus,0.17333333329999998,2018-12-07,4
1842994,1842994,ГАЗ,Belarus,0.0,2018-12-07,4
1842995,1842995,ГАЗ,Belarus,0.6000000000000001,2018-12-07,4
1842996,1842996,ГАЗ,Belarus,0.7391304348000001,2018-12-07,4
1842997,1842997,ГАЗ,Belarus,0.0,2018-12-07,4
1842998,1842998,ГАЗ,Belarus,0.2,2018-12-07,4
1842999,1842999,ГАЗ,Belarus,1.0,2018-12-07,4
1843000,1843000,ГАЗ,Belarus,0.0,2018-12-07,4
1843001,1843001,ГАЗ,Belarus,0.7647058823999999,2018-12-07,4
1843002,1843002,ГАЗ,Belarus,0.8571428570999999,2018-12-07,4
1843003,1843003,ГАЗ,Belarus,0.4736842105,2018-12-07,4
1843004,1843004,ГАЗ,Belarus,0.3513513514,2018-12-07,4
1843005,1843005,ГАЗ,Belarus,0.5135135135000001,2018-12-07,4
1843006,1843006,ГАЗ,Belarus,0.0,2018-12-07,4
1843007,1843007,ГАЗ,Belarus,0.5081967213,2018-12-07,4
1843008,1843008,ГАЗ,Belarus,0.41935483869999995,2018-12-07,4
